business_id,name,photos
3cNLpk5HmmnXptjwg-KN-w,Restaurant Mumi,"['https://s3-media4.fl.yelpcdn.com/bphoto/XB3ykfvLEIDOGV7CQfv2pw/o.jpg', 'https://s3-media2.fl.yelpcdn.com/bphoto/7QFpzb3U297eUIKc-vdnCQ/o.jpg', 'https://s3-media1.fl.yelpcdn.com/bphoto/YC_GqGGlCZbKHQwAWvQTEw/o.jpg']"
3J-vi78uhe3fZEOJDVBXqg,Le Bar du Caveau,"['https://s3-media2.fl.yelpcdn.com/bphoto/tFM3Bg52SzP-0zNGYBPo9w/o.jpg', 'https://s3-media3.fl.yelpcdn.com/bphoto/UnYWCjyo4vrOqDNAbAn0sw/o.jpg', 'https://s3-media2.fl.yelpcdn.com/bphoto/oiAx22sq7nYOvMnhRMQOpw/o.jpg']"
sELjVQsud9aKqLhBC9vNqw,Pontochoux,"['https://s3-media2.fl.yelpcdn.com/bphoto/uHwH0v3Ja4AqFGdt9GO71g/o.jpg', 'https://s3-media1.fl.yelpcdn.com/bphoto/4e_a9z2sOMJL-0IsPE0aSg/o.jpg', 'https://s3-media1.fl.yelpcdn.com/bphoto/WvncaFo7jDHzYTr5K2017w/o.jpg']"
5PPRzntCCI_2wIp0g3SWwQ,Banh Mi,"['https://s3-media1.fl.yelpcdn.com/bphoto/S9fpPi2qTEPXKf7_tzO7tw/o.jpg', 'https://s3-media2.fl.yelpcdn.com/bphoto/gIZpumOHcDP2Oes4En6Vug/o.jpg', 'https://s3-media2.fl.yelpcdn.com/bphoto/1Np8wGZm1-of8MdzobgUCQ/o.jpg']"
zhHxYO0gH9Gh53D_J8XeOQ,L'Auberge Café,"['https://s3-media2.fl.yelpcdn.com/bphoto/iOBEyB0gTzQThCplVlpT2g/o.jpg', 'https://s3-media2.fl.yelpcdn.com/bphoto/TtMBNHfSstM2Coyf33Fe8A/o.jpg', 'https://s3-media3.fl.yelpcdn.com/bphoto/Y5x0070D27x63dtdcYn0KA/o.jpg']"
tHtuj2ZN1o9IeF0y_szf9g,Jantchi,"['https://s3-media2.fl.yelpcdn.com/bphoto/LGBZgLPgedymINs8bx5Sww/o.jpg', 'https://s3-media1.fl.yelpcdn.com/bphoto/McCiJh9jgXjOtla6tqrXXQ/o.jpg', 'https://s3-media1.fl.yelpcdn.com/bphoto/2h_3FY5qRJQfN7vGDpJ7rg/o.jpg']"
lBueZXrEbdSdvujDlQUB-w,Le Louchébem,"['https://s3-media4.fl.yelpcdn.com/bphoto/pF9Dw8Bd__ZRc1xovFkiug/o.jpg', 'https://s3-media4.fl.yelpcdn.com/bphoto/0svGxoTrh8dNopyUwyTNqA/o.jpg', 'https://s3-media2.fl.yelpcdn.com/bphoto/tP9J6L6m82XJL-O1R-iEQQ/o.jpg']"
JYJ0y_1we1IzMZ-UPVCQEg,Chez la Vieille,"['https://s3-media4.fl.yelpcdn.com/bphoto/LrPlbSRLbJ37Cqe4ktK6vg/o.jpg', 'https://s3-media2.fl.yelpcdn.com/bphoto/cOeWtLVZ9moA1hfwDn3o2w/o.jpg', 'https://s3-media4.fl.yelpcdn.com/bphoto/vPsKsshnd8VChbXvUyoj_A/o.jpg']"
oBry7omEm5kavp_l86AjCA,Khajuraho,"['https://s3-media2.fl.yelpcdn.com/bphoto/-58AjkexdbsyY8VRRTboaQ/o.jpg', 'https://s3-media2.fl.yelpcdn.com/bphoto/cFY2rruYiAN-SJwA8PiNYg/o.jpg', 'https://s3-media1.fl.yelpcdn.com/bphoto/c8kY_T6-cRW7sDhiwmm3_A/o.jpg']"
kNOHh6Lc0O9pCaJx6wo2Gw,Yam'Tcha,"['https://s3-media3.fl.yelpcdn.com/bphoto/OV-FUVlxRHJuKXkUvtcTnA/o.jpg', 'https://s3-media1.fl.yelpcdn.com/bphoto/qqAsvRdlb3rrthIs3vhoNQ/o.jpg', 'https://s3-media3.fl.yelpcdn.com/bphoto/dbydlWFjCFllOtrycwALjg/o.jpg']"
p2GMgZVjGWfp9Osi6c9hNw,La Maison du Dim Sum,"['https://s3-media3.fl.yelpcdn.com/bphoto/MkAQm04nK0o-_tLLJDftTA/o.jpg', 'https://s3-media3.fl.yelpcdn.com/bphoto/PFsabVMutuJLJNxGvrhkGQ/o.jpg', 'https://s3-media1.fl.yelpcdn.com/bphoto/P_kFTs-Og6bVzTeTrodzIw/o.jpg']"
6Hez13kI0lVQnWMMx4U6fQ,Il Ristretto,"['https://s3-media4.fl.yelpcdn.com/bphoto/5odYQ0u70W1pGZD8e6boLg/o.jpg', 'https://s3-media2.fl.yelpcdn.com/bphoto/Mc9XlNR7t_j2hWR4ChaaEQ/o.jpg', 'https://s3-media2.fl.yelpcdn.com/bphoto/Rpd4DjT7vV7K7ml3Oq4zBw/o.jpg']"
UOM40oa0nkZjzP5d7pmFzw,Bistrot Vivienne,"['https://s3-media1.fl.yelpcdn.com/bphoto/eNq2dF5xRGQxKA_D3jp1Gw/o.jpg', 'https://s3-media1.fl.yelpcdn.com/bphoto/-OaBYrTOos3uFhxs20C1Cg/o.jpg', 'https://s3-media3.fl.yelpcdn.com/bphoto/eosVD0SgTLWj1xJReyG6PA/o.jpg']"
ML5YEWSl3K-5-2vO35RVpQ,Brasserie de la Bourse,"['https://s3-media1.fl.yelpcdn.com/bphoto/RIPVakzQgD-sXOJz7RDPaQ/o.jpg', 'https://s3-media1.fl.yelpcdn.com/bphoto/IzyIjtIiE9bHaMsXTpwn6g/o.jpg', 'https://s3-media1.fl.yelpcdn.com/bphoto/aWhns-yh3aU9ai4n1woAkg/o.jpg']"
e3LQ6AyQutKRM7ETJaa4Vg,Norma,"['https://s3-media1.fl.yelpcdn.com/bphoto/-_8ElazwjvA2o2FSQlLakA/o.jpg', 'https://s3-media1.fl.yelpcdn.com/bphoto/py8nNEFGic9aeCjtMM2OHA/o.jpg']"
MqdwabesLORy1qtSiv2NKA,Le Colimaçon,"['https://s3-media3.fl.yelpcdn.com/bphoto/vkgbLlIECI0jP6DU4rT7zg/o.jpg', 'https://s3-media2.fl.yelpcdn.com/bphoto/nDPTib6pEqFxn8fAg9ht4g/o.jpg', 'https://s3-media3.fl.yelpcdn.com/bphoto/IDs9QpSeGJc9334q4EhA1Q/o.jpg']"
uXZerrwr1lMur96Zx2wGCQ,L'Angolo,"['https://s3-media1.fl.yelpcdn.com/bphoto/vu28eV3muFrVaiv4RwD79g/o.jpg', 'https://s3-media2.fl.yelpcdn.com/bphoto/hhORH7LyPH1DxUOFiZe2NA/o.jpg', 'https://s3-media1.fl.yelpcdn.com/bphoto/m8l296yegevsYR8ZLXFBCw/o.jpg']"
rbBs01WKKsVZG61q5IwJ_w,Holybelly 5,"['https://s3-media2.fl.yelpcdn.com/bphoto/4EvXgjj0spXR_F-Uej9Csw/o.jpg', 'https://s3-media1.fl.yelpcdn.com/bphoto/AcShdtEHCO4uAkCMmuwQKg/o.jpg', 'https://s3-media3.fl.yelpcdn.com/bphoto/cynfTIRfGrHNWZ_UF49_sg/o.jpg']"
tM2GensNFi0OjEDhrbA4TQ,Lion Sot,"['https://s3-media3.fl.yelpcdn.com/bphoto/100IqkXG7aBM0HII9gZQ1A/o.jpg', 'https://s3-media4.fl.yelpcdn.com/bphoto/jwrBCBRTZRt8o90L7uNQCA/o.jpg', 'https://s3-media3.fl.yelpcdn.com/bphoto/pgBi-9gK9zJsK2qnAOceRw/o.jpg']"
xcC4XZCk2cSPxfHGKcGfPg,Chez Alain Miam Miam,"['https://s3-media3.fl.yelpcdn.com/bphoto/VXCpqumlx9yx8HuimnHaSw/o.jpg', 'https://s3-media3.fl.yelpcdn.com/bphoto/CpgjXYN5k3DO60HTIgYYnw/o.jpg', 'https://s3-media1.fl.yelpcdn.com/bphoto/E8jFGifSqk8FjRHUoJI8FQ/o.jpg']"
ZcmC2dyO-PT_vagdmx3u9g,Kitchen,"['https://s3-media2.fl.yelpcdn.com/bphoto/J0N0hyXoNOz-09u3QkLEhA/o.jpg', 'https://s3-media1.fl.yelpcdn.com/bphoto/wf-R55KYJNyIPRFDsnLqxA/o.jpg', 'https://s3-media4.fl.yelpcdn.com/bphoto/aimbqmNjFV6KlAUeXl2mGA/o.jpg']"
dxcHp_NAnO2e_BvR_pY4Nw,Janine loves Sunday,"['https://s3-media3.fl.yelpcdn.com/bphoto/-4LfhalCCTTIJo_-x2s_ug/o.jpg', 'https://s3-media1.fl.yelpcdn.com/bphoto/egzKGs3D2O_MTk-kpOmy1Q/o.jpg', 'https://s3-media2.fl.yelpcdn.com/bphoto/Cco2eFtgj6p-6HhH7J27ZA/o.jpg']"
JAvCagWNHVKEi-MbpvEcHw,Le Potager du Marais,"['https://s3-media4.fl.yelpcdn.com/bphoto/XGZFZzTty4Db9oqG8wtQbQ/o.jpg', 'https://s3-media2.fl.yelpcdn.com/bphoto/Sk8eSBcUncabjoy32LGV6w/o.jpg', 'https://s3-media2.fl.yelpcdn.com/bphoto/lOYr92ejSn_TG6bcLJ_e8A/o.jpg']"
nnAxF4EKaf7yLbLGxkShmQ,Le Calife,"['https://s3-media3.fl.yelpcdn.com/bphoto/y6xNtFdSU9MiA23KLIVGxg/o.jpg', 'https://s3-media1.fl.yelpcdn.com/bphoto/fqKEjx7Xuj_yzWjlsnJtnQ/o.jpg', 'https://s3-media1.fl.yelpcdn.com/bphoto/2IVY88kKosEd0Q40Hpm1Vw/o.jpg']"
-fuUNED7ux_Q1JGbZyf7gA,Roomies,"['https://s3-media2.fl.yelpcdn.com/bphoto/kYoj3B9Ra22FpZVyHS6m4A/o.jpg', 'https://s3-media2.fl.yelpcdn.com/bphoto/_25KfrARpU4d-blWMx6-Zg/o.jpg', 'https://s3-media2.fl.yelpcdn.com/bphoto/7gxlK1lqnIoEqGbLpyc4lw/o.jpg']"
N3zQ7Y52QXRnfQy_Gri3yw,Claus - La Table du Petit-Déjeuner,"['https://s3-media4.fl.yelpcdn.com/bphoto/nbf5H1U-tKFFoqNbt57I5A/o.jpg', 'https://s3-media2.fl.yelpcdn.com/bphoto/DDQq4Sw2NbPzoBp4rFCg-w/o.jpg', 'https://s3-media1.fl.yelpcdn.com/bphoto/gOX1537mUJiCtiNSxPFu9w/o.jpg']"
_MNAGLsoe_vihaXk6tpffw,Le Bistrot d'Henri,"['https://s3-media4.fl.yelpcdn.com/bphoto/mP9OGP36IGa3R5hCYf81ZA/o.jpg', 'https://s3-media4.fl.yelpcdn.com/bphoto/gC_oeAnB62m_mr48sQKSgQ/o.jpg', 'https://s3-media2.fl.yelpcdn.com/bphoto/QIuhhyXJSsJM_V_YeBUdtw/o.jpg']"
2JpBWCr2q4934qvRK9WTEw,Carpe Diem Café,"['https://s3-media4.fl.yelpcdn.com/bphoto/bx6gLZePnyJ8Z5aOXUizRw/o.jpg', 'https://s3-media4.fl.yelpcdn.com/bphoto/X5btIlnmNbPYlykQ_sQeaQ/o.jpg', 'https://s3-media1.fl.yelpcdn.com/bphoto/I_PJH4lOoI0St61ZMgoAAA/o.jpg']"
36bmPjOYLp6-Ql_IEiSQUw,Sacré Frenchy !,"['https://s3-media2.fl.yelpcdn.com/bphoto/sBgb7E6wRmNgMNS6nFguzA/o.jpg', 'https://s3-media2.fl.yelpcdn.com/bphoto/c5A1OI4W3bXlkFswYhImUg/o.jpg', 'https://s3-media4.fl.yelpcdn.com/bphoto/bQH-iFe61p9HhghbpWv6UQ/o.jpg']"
RcODJWKhY2jJGNoXK8e9xQ,Au Père Louis,"['https://s3-media1.fl.yelpcdn.com/bphoto/5fPuQTkmd6tfbKRtclLXWw/o.jpg', 'https://s3-media2.fl.yelpcdn.com/bphoto/_6oi1t8MIr8upSD73qyBsA/o.jpg', 'https://s3-media1.fl.yelpcdn.com/bphoto/VCeys5uo2NbK_ubgKWY7dA/o.jpg']"
-0iLH7iQNYtoURciDpJf6w,Le Comptoir de la Gastronomie,"['https://s3-media2.fl.yelpcdn.com/bphoto/Je6THJBI0U0b1N47INfaKQ/o.jpg', 'https://s3-media2.fl.yelpcdn.com/bphoto/Y0D70Mjn25o7lPMwqLhYHg/o.jpg', 'https://s3-media4.fl.yelpcdn.com/bphoto/HetBW7WV0-esELYiXv8erg/o.jpg']"
IU9_wVOGBKjfqTTpAXpKcQ,Bistro des Augustins,"['https://s3-media1.fl.yelpcdn.com/bphoto/hPCZTbuWGgjBvMsB2unxWg/o.jpg', 'https://s3-media4.fl.yelpcdn.com/bphoto/Y5fZV7nTccxCc6cVfPTmOg/o.jpg', 'https://s3-media1.fl.yelpcdn.com/bphoto/lbhWbWu3Fh5daw97BY7IhQ/o.jpg']"
cEjF41ZQB8-SST8cd3EsEw,L'Avant Comptoir,"['https://s3-media3.fl.yelpcdn.com/bphoto/mVwgxgmpUcAUOZKdxypwSw/o.jpg', 'https://s3-media3.fl.yelpcdn.com/bphoto/XA5QGIXu9meiAWWNPTR6OA/o.jpg', 'https://s3-media2.fl.yelpcdn.com/bphoto/azxglNBbUKqPl0GDE4GzNw/o.jpg']"
KggnM_Z4wOa_JExunaaWHg,Le Temps des Cerises,"['https://s3-media1.fl.yelpcdn.com/bphoto/g3AabbeUo_jMvM2jjSH1XQ/o.jpg', 'https://s3-media4.fl.yelpcdn.com/bphoto/Fd0Ozov1K_j3I1_MCozWNQ/o.jpg', 'https://s3-media2.fl.yelpcdn.com/bphoto/Eo8fY74N450HUL6pn4Qk0g/o.jpg']"
-umFmobUgpW_05m_ud1vHw,La Cordonnerie,"['https://s3-media2.fl.yelpcdn.com/bphoto/X1Se23PBPKPppASL4Se76A/o.jpg', 'https://s3-media2.fl.yelpcdn.com/bphoto/trA_uxYyTp933aoQfljtPg/o.jpg', 'https://s3-media3.fl.yelpcdn.com/bphoto/cJOWZS00qk1oAwztzouv2Q/o.jpg']"
WHHt_Jb8Tgidn9mW7oDnIg,La Coïncidence,"['https://s3-media1.fl.yelpcdn.com/bphoto/QdrAgEgbd5TLlqZYT_dezg/o.jpg', 'https://s3-media3.fl.yelpcdn.com/bphoto/R3WTup6dnY7KVD66QiSjww/o.jpg', 'https://s3-media4.fl.yelpcdn.com/bphoto/gZ7bzdfWnZcgiFaFF9dUTA/o.jpg']"
FFz-WusZrBYZexKqhqzCkg,L'As du Fallafel,"['https://s3-media3.fl.yelpcdn.com/bphoto/QMNELSZ6-LzA9kLP3zQPgw/o.jpg', 'https://s3-media1.fl.yelpcdn.com/bphoto/xtLO-XECAC91V5ewNjLmbQ/o.jpg', 'https://s3-media4.fl.yelpcdn.com/bphoto/xIxo5aY5-vpmnfSXUYQBUg/o.jpg']"
_qACPRqSQ6Nvd20H8EY3uw,Frenchie Restaurant,"['https://s3-media2.fl.yelpcdn.com/bphoto/E8EGlQnkJX4Z1SnsW_-qtg/o.jpg', 'https://s3-media3.fl.yelpcdn.com/bphoto/EOs-x-fgRF3B99BzNiCWwQ/o.jpg', 'https://s3-media2.fl.yelpcdn.com/bphoto/wcteJ__4lJFQihUiCVk9Ow/o.jpg']"
PHsKPp496sFZm9K9Xz_TlA,Sanukiya,"['https://s3-media1.fl.yelpcdn.com/bphoto/1NCC7PiIP0sMuUpYIkRvKw/o.jpg', 'https://s3-media4.fl.yelpcdn.com/bphoto/x0aPCzAiZq-mJPy4f9gj5Q/o.jpg', 'https://s3-media2.fl.yelpcdn.com/bphoto/va06K79Pd2GouTO8nIDuhA/o.jpg']"
28m3vU-aLX76lMEyT3WL5Q,Pain Vin Fromages,"['https://s3-media2.fl.yelpcdn.com/bphoto/qh-rZGj0r8FbtHt9_6sP_Q/o.jpg', 'https://s3-media1.fl.yelpcdn.com/bphoto/6dZMDZNJ6VargXZQXr49iA/o.jpg', 'https://s3-media3.fl.yelpcdn.com/bphoto/hUE6J43KQSu9F2xM2NnGNQ/o.jpg']"
4fyyfJ7S8m6TaHL_Ho7mWA,Café Plume,"['https://s3-media3.fl.yelpcdn.com/bphoto/rGwxQWIFAseAnmZGUL0oaA/o.jpg', 'https://s3-media2.fl.yelpcdn.com/bphoto/44-oicr_fhOWlXa6eZ-t9Q/o.jpg', 'https://s3-media1.fl.yelpcdn.com/bphoto/2J8NmV-kFbmn_dhdmjDQcg/o.jpg']"
aPLSj-9aNHSQpi7Sf5_9hA,Le Comptoir,"['https://s3-media4.fl.yelpcdn.com/bphoto/YkB2NVGQv8l_j2fXLdvrrA/o.jpg', 'https://s3-media1.fl.yelpcdn.com/bphoto/CRTX4xUZ_5FF5aqBVCJ0cQ/o.jpg', 'https://s3-media3.fl.yelpcdn.com/bphoto/M3LFMpTb8bOtTmiFf74Ojg/o.jpg']"
SkZWjUwmNgcCJJQvgJT1DQ,La Jacobine,"['https://s3-media4.fl.yelpcdn.com/bphoto/nzAcUmxZ3NhEg5TSSv6hxw/o.jpg', 'https://s3-media3.fl.yelpcdn.com/bphoto/HlHrQdShvnQJl2YeR3MzSQ/o.jpg', 'https://s3-media2.fl.yelpcdn.com/bphoto/vhM7W_JgAgYTBg0P_ZzX0g/o.jpg']"
ijqSzadlZ9SCXvUEpMimcA,Angelina,"['https://s3-media3.fl.yelpcdn.com/bphoto/DPM5TBOugWZeUJDG55zfwQ/o.jpg', 'https://s3-media1.fl.yelpcdn.com/bphoto/F-sXIj_B_kopkzZIlK0tUQ/o.jpg', 'https://s3-media3.fl.yelpcdn.com/bphoto/AoHqsakgB0y_mJfQZFhQoA/o.jpg']"
flf_IHitjG7bohr-VbOvbA,Le Petit Canard,"['https://s3-media4.fl.yelpcdn.com/bphoto/GZomUiX8isxQYR-xEtzAfw/o.jpg', 'https://s3-media2.fl.yelpcdn.com/bphoto/V8MbTzJ5KT2vgdBJGnNbOQ/o.jpg', 'https://s3-media2.fl.yelpcdn.com/bphoto/pw9BO8ksJPgFZBEvfWgCBA/o.jpg']"
Vc-sEV8jnXpHbFeUvP5tLA,Le Relais de l'Entrecôte,"['https://s3-media2.fl.yelpcdn.com/bphoto/7dOOSqmMo5AfDjCGSv4QnQ/o.jpg', 'https://s3-media1.fl.yelpcdn.com/bphoto/1XtighIE627KWAbm7Y8wfQ/o.jpg', 'https://s3-media1.fl.yelpcdn.com/bphoto/Th-bmGmqsP6-wTUoL4vxlw/o.jpg']"
5TbITr_zImkiSc_EWOJkjw,Girafe,"['https://s3-media2.fl.yelpcdn.com/bphoto/QkJWLgrYkeYFOG-St5CszA/o.jpg', 'https://s3-media1.fl.yelpcdn.com/bphoto/n-SzhdIfKH8-X5fBn1n_Cw/o.jpg', 'https://s3-media4.fl.yelpcdn.com/bphoto/SkSFwKXDTrQBYXfkv7p6Rw/o.jpg']"
KglDmt_BDOEqmBjJ8X2bPQ,Le Relais de l’Entrecôte,"['https://s3-media2.fl.yelpcdn.com/bphoto/okTGLBTEt7rhbl0bl7cDGA/o.jpg', 'https://s3-media2.fl.yelpcdn.com/bphoto/EiXKgHcIbngmTdP3cg67lQ/o.jpg', 'https://s3-media4.fl.yelpcdn.com/bphoto/kah7iOG21shQrD4RFRRZ1g/o.jpg']"
PGH7BfXz0PNHuwlSt453rA,Le Boui Boui,"['https://s3-media3.fl.yelpcdn.com/bphoto/ByEGEZObiEotGPlZzBuyLg/o.jpg', 'https://s3-media4.fl.yelpcdn.com/bphoto/rlnc6HgA7xFxgXwk33_6Jg/o.jpg', 'https://s3-media1.fl.yelpcdn.com/bphoto/rGuWldSRK_ecfDjZwTTK1w/o.jpg']"
qz7R7oLeEEfvKOlWCxqMVw,Les Philosophes,"['https://s3-media2.fl.yelpcdn.com/bphoto/IC491egaE9VwGHYdapqopQ/o.jpg', 'https://s3-media3.fl.yelpcdn.com/bphoto/TZCP-_jFocoEj05_304xvw/o.jpg', 'https://s3-media1.fl.yelpcdn.com/bphoto/d-czcL_qZWfGEZk9x4SWlw/o.jpg']"
n601y41nOORUePsM7KsuaA,Gambino,"['https://s3-media1.fl.yelpcdn.com/bphoto/VMKqpx_joPC1k5aKE5kTfA/o.jpg', 'https://s3-media3.fl.yelpcdn.com/bphoto/8maPtidLwqu6BA-1hnAcYA/o.jpg', 'https://s3-media2.fl.yelpcdn.com/bphoto/8DQhBybG_F5a0YZBDfs7Wg/o.jpg']"
-cSK_-y04p3oVu98DShiyQ,Robert et Louise,"['https://s3-media1.fl.yelpcdn.com/bphoto/ZF1XSFKQ46omYtsFtBhmGQ/o.jpg', 'https://s3-media2.fl.yelpcdn.com/bphoto/DmZvpXsgAhJtsoFRpLxT0A/o.jpg', 'https://s3-media2.fl.yelpcdn.com/bphoto/2yjKI2hLoASV8iSFrbcALw/o.jpg']"
K-cAB9sz9UoopOP0APEi0g,Les Cocottes,"['https://s3-media4.fl.yelpcdn.com/bphoto/P7Qh9STbT0IJQDY0ohNuqg/o.jpg', 'https://s3-media1.fl.yelpcdn.com/bphoto/pJh1B89k55m7Gv-C7Mrirg/o.jpg', 'https://s3-media3.fl.yelpcdn.com/bphoto/1T8smo3PSJ_SY_pNcGEuyA/o.jpg']"
15tUXLav_KIRjszu8IJJ3w,Le Bistrot des Vosges,"['https://s3-media3.fl.yelpcdn.com/bphoto/gjgx0BAbS-GJUEAVMJIsFA/o.jpg', 'https://s3-media2.fl.yelpcdn.com/bphoto/deU37W2iPzo9ZO4Byp1xfA/o.jpg', 'https://s3-media2.fl.yelpcdn.com/bphoto/ND7uX_79p5qqLJsA5uIJEg/o.jpg']"
ctP4c3mwVO5oOzLI48LtuQ,Les Antiquaires,"['https://s3-media3.fl.yelpcdn.com/bphoto/aBwaSVkWWFKTGl1gM8N90g/o.jpg', 'https://s3-media1.fl.yelpcdn.com/bphoto/8bQG-cGHKemJFIC3SOluug/o.jpg', 'https://s3-media2.fl.yelpcdn.com/bphoto/NflYeVtucmbu2wKYp6HIzQ/o.jpg']"
kYb2q4Li8Cw2PY_I9lCJOw,Chez Janou,"['https://s3-media2.fl.yelpcdn.com/bphoto/gCrBJ7SsnPpGC6NCEkj4vA/o.jpg', 'https://s3-media1.fl.yelpcdn.com/bphoto/bmpO8lon1b9EbXX-redYtg/o.jpg', 'https://s3-media1.fl.yelpcdn.com/bphoto/xhX6FqV9BQSgVWgf-vl-5g/o.jpg']"
cSw70yMlnM0eeYo2b-WRGA,La French Guinguette,"['https://s3-media2.fl.yelpcdn.com/bphoto/iCMOwlz041Rf5RA5aIAO7g/o.jpg', 'https://s3-media4.fl.yelpcdn.com/bphoto/oMRS-iRDdGjRsVzzSbixEg/o.jpg', 'https://s3-media2.fl.yelpcdn.com/bphoto/dnF-7mAj31TPI8vBuTJF_Q/o.jpg']"
PXYLVsHC33f_dQVVCH-PMw,Victoires,"['https://s3-media3.fl.yelpcdn.com/bphoto/nhZolH9Fv8NP7BA5svDXqA/o.jpg', 'https://s3-media2.fl.yelpcdn.com/bphoto/81mZyvf2iCfAcNxsUXumYQ/o.jpg', 'https://s3-media4.fl.yelpcdn.com/bphoto/EnlS1S6nyp-4PLpEw8BhYw/o.jpg']"
2qzLbDM1dkpsKyyCXAEXWw,Guy Savoy,"['https://s3-media1.fl.yelpcdn.com/bphoto/8cnVgI5q8czJnsDKaJoltA/o.jpg', 'https://s3-media2.fl.yelpcdn.com/bphoto/efc7jvolgmzsyVYEB0sfCA/o.jpg', 'https://s3-media4.fl.yelpcdn.com/bphoto/-1Xnq5Y63_W3ALfs4aqgLA/o.jpg']"
zj5rGr-hkPjPxM1oxDi3Zg,Pedzouille,"['https://s3-media2.fl.yelpcdn.com/bphoto/krUDBs1PuPshFVb3-MobSA/o.jpg', 'https://s3-media3.fl.yelpcdn.com/bphoto/E78UW0GBjjpYLR3B21zoHg/o.jpg', 'https://s3-media1.fl.yelpcdn.com/bphoto/PNex8B3u2ldND5Yd8gWLMQ/o.jpg']"
dKZo3hRz0sSsQrdahj45uA,Ellsworth,"['https://s3-media2.fl.yelpcdn.com/bphoto/YqHLLxUdjU9ENBVW0giIBg/o.jpg', 'https://s3-media1.fl.yelpcdn.com/bphoto/i--c5bCL1F205myzlqh7Jw/o.jpg', 'https://s3-media2.fl.yelpcdn.com/bphoto/nbubaS1P5uDOwdfr1t6ofQ/o.jpg']"
sFdV05m6Pw5Rw6DdrpQlIw,L'Escargot,"['https://s3-media3.fl.yelpcdn.com/bphoto/yy-GWVc0A6WNhdtj_naumw/o.jpg', 'https://s3-media1.fl.yelpcdn.com/bphoto/3CxTfCzIJ9epHqT9oBBbeA/o.jpg', 'https://s3-media2.fl.yelpcdn.com/bphoto/9r_jEJ3TEnBak-oASPYhnQ/o.jpg']"
XNfpjD7KWU-r1jB1SR3alg,Crêperie Saint Eustache,"['https://s3-media1.fl.yelpcdn.com/bphoto/M1ZLSossCsNW19dz1yjqCQ/o.jpg', 'https://s3-media1.fl.yelpcdn.com/bphoto/FWOkYHJij0f1iwPpcTlvDg/o.jpg', 'https://s3-media3.fl.yelpcdn.com/bphoto/lsvH80lEM9WXlKjy1ti1Lg/o.jpg']"
n-XIbgR-Gwb1CqBMyjwj0w,Chez Fernand,"['https://s3-media2.fl.yelpcdn.com/bphoto/_ZzJL3hpRm4FM9Cz2FrjhA/o.jpg', 'https://s3-media4.fl.yelpcdn.com/bphoto/yNMoaH9Qfe7XxkKg8Dlyog/o.jpg', 'https://s3-media3.fl.yelpcdn.com/bphoto/Lq17dtQfZIud845ngQ-3eQ/o.jpg']"
ASbVOR_nTHvwEM9GPTyC0Q,Café de Paris,"['https://s3-media2.fl.yelpcdn.com/bphoto/cCMlrVqUObJM6UGIf3fZFg/o.jpg', 'https://s3-media3.fl.yelpcdn.com/bphoto/cd0X9LA35o50ZnAX17gEfg/o.jpg', 'https://s3-media1.fl.yelpcdn.com/bphoto/2LqMRwZ1I4aZnnO7E9i3Tw/o.jpg']"
I9rvKHLA1-EPZw_wswesEA,Le Cirque,"['https://s3-media2.fl.yelpcdn.com/bphoto/-gWf7DtCbnjmuNhlcbvnkA/o.jpg', 'https://s3-media1.fl.yelpcdn.com/bphoto/qDxJfxWm6l1MiwEg5gjhCw/o.jpg', 'https://s3-media1.fl.yelpcdn.com/bphoto/VXU28QG9MKWdYq59PAzang/o.jpg']"
wLgAxIB7111BcWLWh7KpFw,La Régalade,"['https://s3-media2.fl.yelpcdn.com/bphoto/nwb_ZGdDYX5X-jaLE7Id7w/o.jpg', 'https://s3-media3.fl.yelpcdn.com/bphoto/yac4yNJiSnkxJ2zqIgtZcQ/o.jpg', 'https://s3-media2.fl.yelpcdn.com/bphoto/lDWGTON2z66vRL63SLiP7g/o.jpg']"
DwZsEW-rBrBBLHioGdKoAg,La Fontaine de Mars,"['https://s3-media2.fl.yelpcdn.com/bphoto/VCtekvmamfjFyRRYwQUraw/o.jpg', 'https://s3-media3.fl.yelpcdn.com/bphoto/N6HJr4gAW7juuAM8keXN_A/o.jpg', 'https://s3-media2.fl.yelpcdn.com/bphoto/fUakqhlB0sH7BezohWk1sw/o.jpg']"
XlBCQgnHlYUByBejO8r79g,L'Epicure,"['https://s3-media3.fl.yelpcdn.com/bphoto/laiSZlAeTrw95G7znboD4Q/o.jpg', 'https://s3-media2.fl.yelpcdn.com/bphoto/SF_auGeXRhPYlhP7Rahyew/o.jpg', 'https://s3-media2.fl.yelpcdn.com/bphoto/ezr8P7Yu7S7Y---pCeYCag/o.jpg']"
657yy3D4SwyQN3xIjG1Iww,Le Potager du Père Thierry,"['https://s3-media2.fl.yelpcdn.com/bphoto/_FHiBmcjKRbmoAIXxeFOcA/o.jpg', 'https://s3-media4.fl.yelpcdn.com/bphoto/QEeTTQ6xskxB4n3T2foleA/o.jpg', 'https://s3-media3.fl.yelpcdn.com/bphoto/DTWlNyYED-HlEFNbnR6V2A/o.jpg']"
5oR_HYjo9dJUQCIr9jpzfw,Le Train Bleu,"['https://s3-media2.fl.yelpcdn.com/bphoto/Z9XhJ0STFgSW6gSitVF0GQ/o.jpg', 'https://s3-media2.fl.yelpcdn.com/bphoto/zA5md1HxscKRBMYfjo_qpg/o.jpg', 'https://s3-media2.fl.yelpcdn.com/bphoto/a8bOfDOVvnRC3yO5L_fSOA/o.jpg']"
vEfe8aw5a1UpheitDslyGg,Le Petit Châtelet,"['https://s3-media2.fl.yelpcdn.com/bphoto/nHhiktovlc_WjswhS-IriA/o.jpg', 'https://s3-media2.fl.yelpcdn.com/bphoto/EdHeIkUlR_9_3LhXvO618w/o.jpg', 'https://s3-media2.fl.yelpcdn.com/bphoto/pKt9itFLcFJ41bEAUewu6Q/o.jpg']"
NvQOJZ8mhKSwu1W4SSwpkQ,L'Arpège,"['https://s3-media4.fl.yelpcdn.com/bphoto/8qK0xTEU73bU6OA45BNBnw/o.jpg', 'https://s3-media3.fl.yelpcdn.com/bphoto/zKu7T6hIMC8CklVv2W-eGw/o.jpg', 'https://s3-media3.fl.yelpcdn.com/bphoto/e0q_J0ZZQ6gXca3CrEwDKg/o.jpg']"
QczhiTpJ8eN22wwxNK6LxA,CoCo,"['https://s3-media4.fl.yelpcdn.com/bphoto/t-20R42FiR4ey0jICQbN7w/o.jpg', 'https://s3-media4.fl.yelpcdn.com/bphoto/vj5eh5k1IEOlSA2tPCG0eA/o.jpg', 'https://s3-media2.fl.yelpcdn.com/bphoto/8d2n6aF9zx1I5837dQ99mw/o.jpg']"
Tb6siRZNm2X7GLiPXWpLLg,Tour d'Argent,"['https://s3-media4.fl.yelpcdn.com/bphoto/abdGjqJOVTwmmE3wJbZDKA/o.jpg', 'https://s3-media3.fl.yelpcdn.com/bphoto/BcYVVh3GZgRUNszJz4I69A/o.jpg', 'https://s3-media4.fl.yelpcdn.com/bphoto/gMbjb3cBj_028SjNBpgrSg/o.jpg']"
u0lE065YXe5sKcDiAzJcHg,Heureux Comme Alexandre,"['https://s3-media2.fl.yelpcdn.com/bphoto/-7NpEcEZGdcZNUOq9mlLaw/o.jpg', 'https://s3-media1.fl.yelpcdn.com/bphoto/rBXXnZxDuWWJk3-JoVJG2g/o.jpg', 'https://s3-media1.fl.yelpcdn.com/bphoto/abol6HfKz0FifnZoTzPFCQ/o.jpg']"
ce3vXRUtUKZjbGf2fv8VzQ,Ober Mamma,"['https://s3-media3.fl.yelpcdn.com/bphoto/W_QFGV2B3lBFgPagF7O7-w/o.jpg', 'https://s3-media3.fl.yelpcdn.com/bphoto/EhTycmjk7axD9St-mnqBzg/o.jpg', 'https://s3-media3.fl.yelpcdn.com/bphoto/f4so_-rL69SJm2E-K-aiCw/o.jpg']"
TWsuxL7J0iACK5KplxZMtA,Le P'tit Bistro,"['https://s3-media3.fl.yelpcdn.com/bphoto/aocsyBMxJeomQhF5m3-pyA/o.jpg', 'https://s3-media2.fl.yelpcdn.com/bphoto/HXRZJ60BRTwMYOp8QIogrA/o.jpg', 'https://s3-media4.fl.yelpcdn.com/bphoto/6y0VZABxqBAHK4h1UGdOtA/o.jpg']"
pztzge22A_c_BfzLHCmaMw,Le Bistro du Périgord,"['https://s3-media4.fl.yelpcdn.com/bphoto/rOSDujQ3Oy4pts4FiVpe7Q/o.jpg', 'https://s3-media1.fl.yelpcdn.com/bphoto/F8ma2Ok7lxiThp1f0w7skQ/o.jpg', 'https://s3-media1.fl.yelpcdn.com/bphoto/HlcoYNqgA0zFC-SJE_TZRg/o.jpg']"
XQhDl6ya5GD0o7nf7RRZhw,Bouillon Chartier,"['https://s3-media2.fl.yelpcdn.com/bphoto/1NnxckZc5y2XtNasediY0g/o.jpg', 'https://s3-media1.fl.yelpcdn.com/bphoto/GKvspdnSfHroD_KwLx9Ctg/o.jpg', 'https://s3-media4.fl.yelpcdn.com/bphoto/9Rg4rmL-rYF8go5cfi8Pcw/o.jpg']"
OrggqA6CfhQmO3UrQr1K0w,Lapérouse,"['https://s3-media3.fl.yelpcdn.com/bphoto/QLF0xIE9jDut4XY4xMN4Vg/o.jpg', 'https://s3-media1.fl.yelpcdn.com/bphoto/fJRMy1wXR6MaGTk7ZgTYrQ/o.jpg', 'https://s3-media2.fl.yelpcdn.com/bphoto/5oSkA-liLxZV-19NjYqNVA/o.jpg']"
dlFBHdXr7-_6vfB0C-EHvw,La Maison de la Truffe,"['https://s3-media1.fl.yelpcdn.com/bphoto/iEMxE9mkKcm4DfU7w9V1ww/o.jpg', 'https://s3-media3.fl.yelpcdn.com/bphoto/x40RIqz7REn9Q-Ta5lPi4Q/o.jpg', 'https://s3-media3.fl.yelpcdn.com/bphoto/DgTOrXqax-o-2ZRWE4CWDw/o.jpg']"
Z5axFBqFr1WeUc2UjLW5Ww,Tire Bouchon,"['https://s3-media2.fl.yelpcdn.com/bphoto/2CtfnNPHn9evv8s5fNzzIg/o.jpg', 'https://s3-media4.fl.yelpcdn.com/bphoto/oHn9wj2LQESAGwli-rcDWA/o.jpg', 'https://s3-media3.fl.yelpcdn.com/bphoto/0FsC27lbPtDizYozp5Ltvg/o.jpg']"
9ACptOR-HKm38LCwSXILgA,Les Bains - La Salle à Manger,"['https://s3-media3.fl.yelpcdn.com/bphoto/ohDfsII62eqwNrERW6XVWQ/o.jpg', 'https://s3-media4.fl.yelpcdn.com/bphoto/wdtQ6BEvOriKHbiLk_LjxA/o.jpg', 'https://s3-media2.fl.yelpcdn.com/bphoto/JZUJ1BKyB3oR-gI6Id0ZJA/o.jpg']"
LwRrembo4omcYIColDl12A,Enza & Famiglia Trattoria Pasta,"['https://s3-media2.fl.yelpcdn.com/bphoto/2Y9g49yLSzu9IL-gde6thA/o.jpg', 'https://s3-media3.fl.yelpcdn.com/bphoto/xPB4jR7vwFdwq0LsTmsuZw/o.jpg', 'https://s3-media3.fl.yelpcdn.com/bphoto/JhokKWh1kTadkkrgX3DF9Q/o.jpg']"
Hxqo84j1PWvo0-HizpHsuA,L'îlot,"['https://s3-media2.fl.yelpcdn.com/bphoto/B7JaBq2XmN_ZVOtKP3z65Q/o.jpg', 'https://s3-media2.fl.yelpcdn.com/bphoto/bSDHm20h0LiN0PYq-aY25g/o.jpg', 'https://s3-media2.fl.yelpcdn.com/bphoto/BAGVuET7YcR85A78nQm33g/o.jpg']"
-y7jgZ3cSCorkeXYGqyweA,万食如意 Fresh Noodles,"['https://s3-media3.fl.yelpcdn.com/bphoto/fQ6aGBzAEKia7qPsFF77YQ/o.jpg', 'https://s3-media2.fl.yelpcdn.com/bphoto/GJTDJuXb5cj47Dz9dcBhPw/o.jpg', 'https://s3-media2.fl.yelpcdn.com/bphoto/UmujhH55UjrlqgrtCxSiMg/o.jpg']"
XZX3qBgUAcCYGNoIhHGq-g,Chez le Libanais,"['https://s3-media3.fl.yelpcdn.com/bphoto/3Twhy9wJTtQkjTTFCXUMOA/o.jpg', 'https://s3-media3.fl.yelpcdn.com/bphoto/wLglazyiXG_LE0tOPU7h2g/o.jpg', 'https://s3-media2.fl.yelpcdn.com/bphoto/kxkzo3t0nTIuMURhy002lg/o.jpg']"
e6RHSG0d94yzA3McN-eFxg,Gemini,"['https://s3-media1.fl.yelpcdn.com/bphoto/qOqdhgVcEI8cpfNyYfbmFA/o.jpg', 'https://s3-media2.fl.yelpcdn.com/bphoto/NzFqPbewBuhDeCRZYHO6fQ/o.jpg', 'https://s3-media4.fl.yelpcdn.com/bphoto/SNxs873NJXJISqUOFE_mEA/o.jpg']"
kdVwJe2eBVgKeeVu99hArQ,La Cuisine de Chez Moi,"['https://s3-media1.fl.yelpcdn.com/bphoto/wQVI3bdhnYcOGrf6pVc8Yg/o.jpg', 'https://s3-media2.fl.yelpcdn.com/bphoto/X4k-BZ0QzNutJ7YZZ4vxrg/o.jpg', 'https://s3-media2.fl.yelpcdn.com/bphoto/eC7t9zzlixm7FNH0_ty5LQ/o.jpg']"
R3W721TFrT_zJI2O3BLiIA,Le Basilic,"['https://s3-media3.fl.yelpcdn.com/bphoto/bc2bWkprgofpAGiQLsgYMA/o.jpg', 'https://s3-media3.fl.yelpcdn.com/bphoto/ds7pnu9tuRUO5FtGlvSV7w/o.jpg', 'https://s3-media1.fl.yelpcdn.com/bphoto/IOREmILVgBg781RutovN3w/o.jpg']"
DS99xpMkcoH9qCkstWmRAw,Septime,"['https://s3-media4.fl.yelpcdn.com/bphoto/GhOIPKPUEePvC6sHQUAgzA/o.jpg', 'https://s3-media3.fl.yelpcdn.com/bphoto/NF-2mmYkOdOYqGfVmresjQ/o.jpg', 'https://s3-media2.fl.yelpcdn.com/bphoto/OpXEyCa_LQXTTnfuIug7Aw/o.jpg']"
emVjgTi2bjmceJX-ipcL-A,Boulettes,"['https://s3-media3.fl.yelpcdn.com/bphoto/iO2YMGgptKkSZwEy338lMw/o.jpg', 'https://s3-media1.fl.yelpcdn.com/bphoto/fd8uJUkSW9bo_nB_Wq014Q/o.jpg', 'https://s3-media2.fl.yelpcdn.com/bphoto/OElG7MGtNytubFry_jJAow/o.jpg']"
C8Gg5maujOFs-pKFxz3hJA,Aux Trois Mailletz,"['https://s3-media2.fl.yelpcdn.com/bphoto/iybQlBGbbSUsDWgABt5HvQ/o.jpg', 'https://s3-media3.fl.yelpcdn.com/bphoto/WIGXNZMoxJLFoFXlXxT4zQ/o.jpg', 'https://s3-media3.fl.yelpcdn.com/bphoto/darRAdwnVQfPGl1Mljz23g/o.jpg']"
QNQ4teRXk5Wx1GFLT3Y9sA,Derrière,"['https://s3-media3.fl.yelpcdn.com/bphoto/dw-Y3ANPenW_VYPKXPTdmg/o.jpg', 'https://s3-media3.fl.yelpcdn.com/bphoto/mZQsHX_E9O6pd-wsAqtHfw/o.jpg', 'https://s3-media4.fl.yelpcdn.com/bphoto/6lcQsqf0dp1GOBYRBFCcxg/o.jpg']"
ZxtU74SJMRoB8ZQXWwNtRQ,Le Soufflé,"['https://s3-media3.fl.yelpcdn.com/bphoto/vBoDsq-JBC3qNftdlpM0wQ/o.jpg', 'https://s3-media2.fl.yelpcdn.com/bphoto/bOdi-JtVpmjRUQqNkcsdxQ/o.jpg', 'https://s3-media2.fl.yelpcdn.com/bphoto/LgilzzorpPZSTFafWrhvlA/o.jpg']"
mJMW4j5IYYhbWaBySCPATA,LouLou,"['https://s3-media2.fl.yelpcdn.com/bphoto/v3onRQCEQsoN5VlFCfrE1g/o.jpg', 'https://s3-media4.fl.yelpcdn.com/bphoto/xewI7jghkYnjwzWQCUEO_g/o.jpg', 'https://s3-media4.fl.yelpcdn.com/bphoto/GoVzxoYthztsOonMOTDK3g/o.jpg']"
70xArgLO0k56YAytyBIHyg,Baguett's Café,"['https://s3-media4.fl.yelpcdn.com/bphoto/6MMvedSh18l1YnJZOprd8Q/o.jpg', 'https://s3-media1.fl.yelpcdn.com/bphoto/LD25ZQo_0PpzZeLMh4ONjg/o.jpg', 'https://s3-media4.fl.yelpcdn.com/bphoto/ui_9SlT553zuZKkXVAggpw/o.jpg']"
Uf8RS4F-yJx-LUQ1MzlywQ,Café de l'Homme,"['https://s3-media2.fl.yelpcdn.com/bphoto/_n2ehgX31TmPBSULySxjbw/o.jpg', 'https://s3-media3.fl.yelpcdn.com/bphoto/TmPcZRUauKF_TtzaH-mfCg/o.jpg', 'https://s3-media3.fl.yelpcdn.com/bphoto/v7uXPCsuazEtT-4lsrCCwA/o.jpg']"
W0mWaURmq6cA08tNJB43Sg,Sacrée Fleur,"['https://s3-media3.fl.yelpcdn.com/bphoto/nSEBO33MoH2y1jt_dhVRHw/o.jpg', 'https://s3-media3.fl.yelpcdn.com/bphoto/03ehrfRuPZVxJQwqx1e4_Q/o.jpg', 'https://s3-media1.fl.yelpcdn.com/bphoto/E0RRKYcydfIkk57t0BzsRQ/o.jpg']"
bnFogmIGrX00dxEaUJFmQw,L'Acanthe,"['https://s3-media4.fl.yelpcdn.com/bphoto/kT7Ry0WuRzmV8eGuIS49jA/o.jpg', 'https://s3-media1.fl.yelpcdn.com/bphoto/A8MGqpOUxVwgiTyEMxvNYg/o.jpg', 'https://s3-media4.fl.yelpcdn.com/bphoto/A1ggBhgrgL8kyi9uFItK4w/o.jpg']"
P_mUlHo2-sl7xDJDb5yJQA,Aux Vieux Garçons,"['https://s3-media2.fl.yelpcdn.com/bphoto/whMsQ33105ZJSdIzR6-C5Q/o.jpg', 'https://s3-media2.fl.yelpcdn.com/bphoto/EJmXyVqJnQcGPuKrV6OrSg/o.jpg', 'https://s3-media4.fl.yelpcdn.com/bphoto/nAzqPwzUvoyShk_-0lDaUA/o.jpg']"
MfmIKDTvTNfpdID38qWVag,Le Porte Pot,"['https://s3-media2.fl.yelpcdn.com/bphoto/Dq5kKcs3SfMD-XSV7bL-WQ/o.jpg', 'https://s3-media2.fl.yelpcdn.com/bphoto/8kVawMUI36HNI8bG0KbF0A/o.jpg', 'https://s3-media3.fl.yelpcdn.com/bphoto/j3RjORNQEhcm2eaJHUt4pQ/o.jpg']"
J8q2EjxuOk3v19R5xQWAFA,Café Blanc,"['https://s3-media3.fl.yelpcdn.com/bphoto/c0zzDMk1J4Bxa-vk0byYjA/o.jpg', 'https://s3-media1.fl.yelpcdn.com/bphoto/m7GyVtXWpgnoL28PJD5nRw/o.jpg', 'https://s3-media4.fl.yelpcdn.com/bphoto/lUXH29xACR1vjkofa8Pa9A/o.jpg']"
MN-I5rJBYAZwp2jeHXs_JQ,L'Alsacien,"['https://s3-media3.fl.yelpcdn.com/bphoto/Um1ianYa4Ja71KXQyg1g9Q/o.jpg', 'https://s3-media3.fl.yelpcdn.com/bphoto/4IciuehnN9ZM5Wqb1XbFkQ/o.jpg', 'https://s3-media1.fl.yelpcdn.com/bphoto/hYmxsGEDqw9WsbwUDR1uag/o.jpg']"
YRMHyCvqMz_lLgpqjNj_tw,La Droguerie du Marais,"['https://s3-media2.fl.yelpcdn.com/bphoto/YwUvdUKseG8-X8P-vVBPKw/o.jpg', 'https://s3-media2.fl.yelpcdn.com/bphoto/TiWhPrV0fntxe0UwyJliJw/o.jpg', 'https://s3-media3.fl.yelpcdn.com/bphoto/Fj05BwyLbJyuZIkmBLwjmA/o.jpg']"
XSxrGIbgixA15t-3sRvtMQ,Cézembre,"['https://s3-media2.fl.yelpcdn.com/bphoto/neVR24bI5sTXCXxjUbRfew/o.jpg', 'https://s3-media3.fl.yelpcdn.com/bphoto/Qqb1OiyJpD6dR9kpNcvqdQ/o.jpg', 'https://s3-media2.fl.yelpcdn.com/bphoto/dMb0Ra-3wUWcue0mQufY2A/o.jpg']"
5jviAXLXm5E78wlpE0pTxA,Iovine's,"['https://s3-media3.fl.yelpcdn.com/bphoto/MCbWNqmPArFvtmI9FGxTDw/o.jpg', 'https://s3-media1.fl.yelpcdn.com/bphoto/q02b1tGBv40HGB8WMo0qYA/o.jpg', 'https://s3-media1.fl.yelpcdn.com/bphoto/sKFfIQ6ZcOKlXPmUXCskhw/o.jpg']"
hfe0QLfHwyaiE_HBhkq9AA,Le Grenier de Notre-Dame,"['https://s3-media2.fl.yelpcdn.com/bphoto/cgN0cj3tKKhIc7yv7DV7Qg/o.jpg', 'https://s3-media3.fl.yelpcdn.com/bphoto/oJN4HOqGMO38SVvERxDCXQ/o.jpg', 'https://s3-media1.fl.yelpcdn.com/bphoto/X95h5y2-woM6L7WZhjIw0A/o.jpg']"
d62JZpmI45AseBwTypnJ8g,Le Caveau du Palais,"['https://s3-media2.fl.yelpcdn.com/bphoto/QeiJgeT-dvWPRhDrKlqreg/o.jpg', 'https://s3-media2.fl.yelpcdn.com/bphoto/5Hq37edmg5DhjofjtUQlEw/o.jpg', 'https://s3-media2.fl.yelpcdn.com/bphoto/qQtN6Yc0ZTIEN2Xn-hcnUw/o.jpg']"
FLHycTS_iKSAHnD1thuuBQ,Clamato,"['https://s3-media4.fl.yelpcdn.com/bphoto/TzzQ-FEKCB9GCRwSgLljkw/o.jpg', 'https://s3-media3.fl.yelpcdn.com/bphoto/NdvlsnLfXATLedLo7qYMSg/o.jpg', 'https://s3-media3.fl.yelpcdn.com/bphoto/0VfVMMHkD0i5myvWbYIaGw/o.jpg']"
hiqQTVdbpcQtgCqu2M6PqQ,Le Cinq,"['https://s3-media4.fl.yelpcdn.com/bphoto/hWCc8_pvL1X4hQ_hnz7gnQ/o.jpg', 'https://s3-media4.fl.yelpcdn.com/bphoto/alWPCCnSBsNiRdDpXwGmdA/o.jpg', 'https://s3-media1.fl.yelpcdn.com/bphoto/CN0Ke6CxkBpaDvcS9yTC_A/o.jpg']"
CQi4W2vY8KSiG6n24eaScA,Mystery Cuisine,"['https://s3-media4.fl.yelpcdn.com/bphoto/Yg-U8ko05PInMCRVlL5ISw/o.jpg', 'https://s3-media2.fl.yelpcdn.com/bphoto/nzKpq2eoZvDMeujTrgCuRQ/o.jpg', 'https://s3-media2.fl.yelpcdn.com/bphoto/veeyWOErNR23bSP_9wnTyA/o.jpg']"
TYDSdXOJU-07rZgRFdZYEA,Bien Élevé,"['https://s3-media1.fl.yelpcdn.com/bphoto/AmMyAgO1d8zZX9mms4cOtQ/o.jpg', 'https://s3-media3.fl.yelpcdn.com/bphoto/aZwIxeF18oiJ7FJH3Ciphw/o.jpg', 'https://s3-media1.fl.yelpcdn.com/bphoto/sLniHuuwP8_OEyNajE19MQ/o.jpg']"
XR5IlJLXRWGBnuuDa1v__g,Le Café Laurent,"['https://s3-media1.fl.yelpcdn.com/bphoto/ImWLL6DlBwmi3dWkgokT0Q/o.jpg', 'https://s3-media1.fl.yelpcdn.com/bphoto/2eAav26Si6Mn5LQYDBz7Yg/o.jpg', 'https://s3-media4.fl.yelpcdn.com/bphoto/IK-bonrBRmuISi3hq1Z-Bg/o.jpg']"
2cdGE8MLkA30R7ceI5c-Ig,Chungking Express,"['https://s3-media1.fl.yelpcdn.com/bphoto/lfGeea6ZD36KOjmYSwUYpw/o.jpg', 'https://s3-media3.fl.yelpcdn.com/bphoto/h-UX1tgbnPV_A375UTQrcw/o.jpg', 'https://s3-media1.fl.yelpcdn.com/bphoto/7u4JxEo2LiCfOuQmThSW2w/o.jpg']"
RMawY4F3XYXgFS8tDqIGRg,Le Coq Rico,"['https://s3-media2.fl.yelpcdn.com/bphoto/oD39vxS41fOdrH9Mzq20oQ/o.jpg', 'https://s3-media2.fl.yelpcdn.com/bphoto/ulsK8WnTJiqK_5_e3KC0KA/o.jpg', 'https://s3-media2.fl.yelpcdn.com/bphoto/pltIS9R7jAbR7oVDN08O2A/o.jpg']"
OwosN0FUG0ZgFjvlMwtPNQ,Le Relais du Louvre,"['https://s3-media1.fl.yelpcdn.com/bphoto/vkpxi7YNA4Ki1uOrLv09Ow/o.jpg', 'https://s3-media1.fl.yelpcdn.com/bphoto/8b9wqa9mVacVtOAtMSw6jw/o.jpg', 'https://s3-media2.fl.yelpcdn.com/bphoto/mimhloc_X3Fr_M4Y-1x1IA/o.jpg']"
i9yOyX3pVBLLuiISazJK2A,Le Reminet,"['https://s3-media2.fl.yelpcdn.com/bphoto/9g-HL-dq3vWeJlFweZ7aAw/o.jpg', 'https://s3-media4.fl.yelpcdn.com/bphoto/HYEHoFCL6Kzaq-NqCRupTQ/o.jpg', 'https://s3-media4.fl.yelpcdn.com/bphoto/Mj-4sMMomUB_M6m5Kvafmw/o.jpg']"
v5Noospim4MQhncZRpCuCA,Le Petit Marché,"['https://s3-media3.fl.yelpcdn.com/bphoto/StFf6q_7jAad0_RxC22fXg/o.jpg', 'https://s3-media4.fl.yelpcdn.com/bphoto/UPEDQ5yXgZ6_SmBLt0ypWQ/o.jpg', 'https://s3-media4.fl.yelpcdn.com/bphoto/TuPwySEuEqaf-UgMojzlOw/o.jpg']"
H45IsXGTW0XjG0-yRlGPJg,La Cave Gourmande,"['https://s3-media4.fl.yelpcdn.com/bphoto/QuvSEC5801xGrw0fYt--yQ/o.jpg', 'https://s3-media1.fl.yelpcdn.com/bphoto/t3tXnBDgK1nU3Ie39Ic2pw/o.jpg', 'https://s3-media3.fl.yelpcdn.com/bphoto/Vv3yQzO75usD5q48sHjgPg/o.jpg']"
0oMvjqVdNPIS81x79amvAA,Au Pied du Sacré Coeur,"['https://s3-media2.fl.yelpcdn.com/bphoto/MAe086QsuJMN1dtcpngUbQ/o.jpg', 'https://s3-media1.fl.yelpcdn.com/bphoto/8avvdycwfVPtgwUZjTfQpw/o.jpg', 'https://s3-media1.fl.yelpcdn.com/bphoto/XYq6aHOnASXH34hJ90zRig/o.jpg']"
baaS_x_aFPthOsT47U0tuQ,Lasserre,"['https://s3-media4.fl.yelpcdn.com/bphoto/noIqpTB0yaFPyAUYtJ-p8A/o.jpg', 'https://s3-media4.fl.yelpcdn.com/bphoto/a42phHo7ndtEhKBZ3XQrig/o.jpg', 'https://s3-media3.fl.yelpcdn.com/bphoto/u4FcLfCAsfH9e3KNXiO-lw/o.jpg']"
BvC_O7iWXp9vVTSBKxmMPA,Le Fumoir,"['https://s3-media1.fl.yelpcdn.com/bphoto/8Uw-CDmFDAAECkwGyXcx4w/o.jpg', 'https://s3-media1.fl.yelpcdn.com/bphoto/SHkkoV-O15wN8KOAXzqmkg/o.jpg', 'https://s3-media3.fl.yelpcdn.com/bphoto/dzb7KsiZpu0dUi20vCthwQ/o.jpg']"
4qTUBV_TXHVZRctoZwr1bg,Les Artizans,"['https://s3-media3.fl.yelpcdn.com/bphoto/88CJJCZclBqIdAhfbCgkZA/o.jpg', 'https://s3-media2.fl.yelpcdn.com/bphoto/U5lO4JBjPhwi27oztMbhcA/o.jpg', 'https://s3-media2.fl.yelpcdn.com/bphoto/L_eu7wKw4u1fTcByPY_q4w/o.jpg']"
3me9XRKAiQVp9eA5egKwkA,Le Jules Verne,"['https://s3-media3.fl.yelpcdn.com/bphoto/2dtyF_C3jYVKW5VC68TYDg/o.jpg', 'https://s3-media3.fl.yelpcdn.com/bphoto/8IyCH6pqOaEksgLh5M7YvA/o.jpg', 'https://s3-media2.fl.yelpcdn.com/bphoto/VOWqB40P-e5p96QfBGDflA/o.jpg']"
Y9olNhl_2mLe-pex8Y5qiQ,La Petite Chaise,"['https://s3-media2.fl.yelpcdn.com/bphoto/yGlpZZsUqWBkZ0HPxfNFDw/o.jpg', 'https://s3-media1.fl.yelpcdn.com/bphoto/YWOsH-CSEAE6AFYknK_SXA/o.jpg', 'https://s3-media2.fl.yelpcdn.com/bphoto/IeIoGyBBFDtRu36YlZegqA/o.jpg']"
26YjCdVvyn5jv4sZYd1Lvw,Loup,"['https://s3-media2.fl.yelpcdn.com/bphoto/M1pgSeZdPeuNqkElQiBg9A/o.jpg', 'https://s3-media2.fl.yelpcdn.com/bphoto/etNjLtVlbPSPxk2Z1BU2ww/o.jpg', 'https://s3-media3.fl.yelpcdn.com/bphoto/PB1bGwdidzIDFHlS39DYjw/o.jpg']"
K_GEE-rokTt1u1OORgu1tw,La Cuisine de Philippe,"['https://s3-media2.fl.yelpcdn.com/bphoto/MABfBdpE4fDRh_VBs56p0g/o.jpg', 'https://s3-media3.fl.yelpcdn.com/bphoto/5st1Xo951rPk6cqAEIw3zA/o.jpg', 'https://s3-media1.fl.yelpcdn.com/bphoto/i5sW4RLXBQ-e87j9qsjqJw/o.jpg']"
NzeX7PR81NRNA0O2Kz-YUQ,L'Atelier de Joël Robuchon,"['https://s3-media2.fl.yelpcdn.com/bphoto/m4TBCrg3Ygp_HEkBql5P7A/o.jpg', 'https://s3-media4.fl.yelpcdn.com/bphoto/9pghY7qR55B59JyUXSFynA/o.jpg', 'https://s3-media4.fl.yelpcdn.com/bphoto/j5rYd4lTj9GcmysScnXyCQ/o.jpg']"
qWY5_v3XjhSfaw3KrS9eOg,Langousta,"['https://s3-media3.fl.yelpcdn.com/bphoto/G_gA8-AmHpLxkzxNLEUzvA/o.jpg', 'https://s3-media2.fl.yelpcdn.com/bphoto/FWzfw8PqfYpxJG41kwt5bA/o.jpg', 'https://s3-media2.fl.yelpcdn.com/bphoto/HwnuXKKSo2fnVeMN2r1v9g/o.jpg']"
2pzucMcXawD5XB0LA277aA,Le Pas Sage,"['https://s3-media4.fl.yelpcdn.com/bphoto/LNfG3bE6bMCWMdCNNeYRJg/o.jpg', 'https://s3-media2.fl.yelpcdn.com/bphoto/-N-t_iHhJLEdzjNzkIyLBw/o.jpg', 'https://s3-media1.fl.yelpcdn.com/bphoto/hMXNZOqZFFjKWqD80BQc9g/o.jpg']"
SDstObD-IS_TwMzBv6p9pA,Café Bords de Seine,"['https://s3-media3.fl.yelpcdn.com/bphoto/vVMlZSGIWzaKqVoOoufLSA/o.jpg', 'https://s3-media2.fl.yelpcdn.com/bphoto/Kka2Ac0wQoza_1Vu_zyWEw/o.jpg', 'https://s3-media3.fl.yelpcdn.com/bphoto/De0IhrrPGpXpAavufCnIdA/o.jpg']"
BQYCGdiKz17L78hu9DiUEw,Le Braque,"['https://s3-media4.fl.yelpcdn.com/bphoto/k7MP997WwvFfZyuYKIsMoQ/o.jpg', 'https://s3-media3.fl.yelpcdn.com/bphoto/vyQn8smEMcxZcTY4PDyEMA/o.jpg', 'https://s3-media4.fl.yelpcdn.com/bphoto/23FGBf1MWzYLbwxc3C2W1Q/o.jpg']"
n7r7i_X8x2-9qgbEaBCBIw,Les Deux Magots,"['https://s3-media4.fl.yelpcdn.com/bphoto/oYyW7-3_7Qby58cZcZ-Rqw/o.jpg', 'https://s3-media2.fl.yelpcdn.com/bphoto/USxV5IZPIv6o9STMYX16Gw/o.jpg', 'https://s3-media4.fl.yelpcdn.com/bphoto/VcFhUBmYiLyRUkM2PLkFNQ/o.jpg']"
p3Ti_2bvhp4LqjSEFyZoag,Chez Monsieur,"['https://s3-media1.fl.yelpcdn.com/bphoto/SkmwzoegfT7BEWo6g1i5dw/o.jpg', 'https://s3-media2.fl.yelpcdn.com/bphoto/nSEVUP53FrE5Yjm2xpkF2A/o.jpg', 'https://s3-media4.fl.yelpcdn.com/bphoto/ADqA5aRy9kqq9D9zTPh6Uw/o.jpg']"
nB_9kzgII13vfX6LNAdi9g,Odette,"['https://s3-media3.fl.yelpcdn.com/bphoto/YBP576NRZKgVYPrIBpGHjQ/o.jpg', 'https://s3-media2.fl.yelpcdn.com/bphoto/MicTbIf9hD3r0GVZh3y7MQ/o.jpg', 'https://s3-media2.fl.yelpcdn.com/bphoto/fZjDgCAERzEmEzyud_aQSg/o.jpg']"
VkF15jZQe3bYZdYK-irgYw,Bien Bien,"['https://s3-media2.fl.yelpcdn.com/bphoto/0BAEU-hiYNCUfpgPLm7VFw/o.jpg', 'https://s3-media1.fl.yelpcdn.com/bphoto/FHO9KV9kK79XIDXZ312UQw/o.jpg', 'https://s3-media3.fl.yelpcdn.com/bphoto/K5XE1RanovNzcq747ufTRw/o.jpg']"
dolqflLk3Q7JpLthmo-6Pg,Les Fines Gueules,"['https://s3-media1.fl.yelpcdn.com/bphoto/oJr-EoMaLR7kr0yRP6BTsw/o.jpg', 'https://s3-media3.fl.yelpcdn.com/bphoto/LiUs_GPvX_tcpBkD7T9mzw/o.jpg', 'https://s3-media3.fl.yelpcdn.com/bphoto/KzMCjeZQHVO2QYC3xqP6xg/o.jpg']"
xKH01fpVnNP-HNjnt1R9dA,Beefbar,"['https://s3-media2.fl.yelpcdn.com/bphoto/kudy1pT_uwUjg-iWN9jotw/o.jpg', 'https://s3-media2.fl.yelpcdn.com/bphoto/FKEh-9kRUKp8OXv6UNOwWw/o.jpg', 'https://s3-media1.fl.yelpcdn.com/bphoto/OiswipVFZcLzqdBS4kbk6g/o.jpg']"
OBlZC2T9theJFTjovK4hdQ,Candelaria,"['https://s3-media2.fl.yelpcdn.com/bphoto/60LEHlrPXS2JlmAMe93lHQ/o.jpg', 'https://s3-media2.fl.yelpcdn.com/bphoto/O4UPh7ZUiNQP0JUQq7TM4Q/o.jpg', 'https://s3-media2.fl.yelpcdn.com/bphoto/ifAP6_W61ZfOsGXH1oCcIQ/o.jpg']"
SHJRXxReeS1tT3wDAjNkww,Le Saint Germain,"['https://s3-media2.fl.yelpcdn.com/bphoto/YRb8ky5IFEXRp9WrXW06zQ/o.jpg', 'https://s3-media4.fl.yelpcdn.com/bphoto/8eeMPzzLF94nw1x2RxrxTQ/o.jpg', 'https://s3-media2.fl.yelpcdn.com/bphoto/8uEF0RGB3XZd82wE-OCAag/o.jpg']"
26Ts-2XRSeqiweSwLuyv6Q,Grenouilles,"['https://s3-media4.fl.yelpcdn.com/bphoto/fgVrLC9wMetmYwaPSGly_w/o.jpg', 'https://s3-media4.fl.yelpcdn.com/bphoto/J_ZlLj2jT9EdQcK-sFFOXQ/o.jpg', 'https://s3-media1.fl.yelpcdn.com/bphoto/pJOb8DrEixxcZ3-CyjLOEQ/o.jpg']"
wHT9bUxQCGh_gFUXdC9Y_w,L'Imprimerie,"['https://s3-media1.fl.yelpcdn.com/bphoto/LimfMZyrCbFrXOsDYcViqA/o.jpg', 'https://s3-media1.fl.yelpcdn.com/bphoto/oLHVJ6pmB-2ALJiVeNihfg/o.jpg', 'https://s3-media1.fl.yelpcdn.com/bphoto/64W8BCFRmGzsrhpk1TXpeQ/o.jpg']"
88_DkUZQlKdFM4iXmK0KpA,L'Absinthe,"['https://s3-media1.fl.yelpcdn.com/bphoto/N-BwepWU5AHj7dXbB2XN8A/o.jpg', 'https://s3-media2.fl.yelpcdn.com/bphoto/dWqVbRG_D41uU9Zz9_G16Q/o.jpg', 'https://s3-media1.fl.yelpcdn.com/bphoto/uUfL0FVRMLp3y9KLdwFuHQ/o.jpg']"
hl4K9f9X_VhgEkDH9cdiwg,Chez Papa Jazz Club,"['https://s3-media4.fl.yelpcdn.com/bphoto/vU3JvwVLUozWQiGcypg-qg/o.jpg', 'https://s3-media3.fl.yelpcdn.com/bphoto/WWac5Thg26Tluhf0ezLS6Q/o.jpg', 'https://s3-media2.fl.yelpcdn.com/bphoto/4wdHGDcNBSUVWNbZQ5ETBw/o.jpg']"
2rfGi9xEKzL_k0X9UD-6Vw,Balagan,"['https://s3-media1.fl.yelpcdn.com/bphoto/aBk3dOrrb8gPagKe2iuwkg/o.jpg', 'https://s3-media3.fl.yelpcdn.com/bphoto/3vJyCqPTUQ4EdS9RcpD_IQ/o.jpg', 'https://s3-media2.fl.yelpcdn.com/bphoto/3ICnsRvsHOoiKXsl4J7Pig/o.jpg']"
4OEhHYGyNN5DIxpdSTUy_A,Restaurant le Meurice Alain Ducasse,"['https://s3-media1.fl.yelpcdn.com/bphoto/N205bwZ7ElwRqTYDyq94-w/o.jpg', 'https://s3-media1.fl.yelpcdn.com/bphoto/WybA7-alQM6qguCAiIEzow/o.jpg', 'https://s3-media3.fl.yelpcdn.com/bphoto/yIKKBITbfsLyn6ecDIxAHg/o.jpg']"
4kfOSgh1GlUjcRCaYgDV8g,Le Louis,"['https://s3-media2.fl.yelpcdn.com/bphoto/zTG7LJ3ChQwZ-5rp4fF-dA/o.jpg', 'https://s3-media1.fl.yelpcdn.com/bphoto/I56mtzgZPLAfpon5KYBkFw/o.jpg', 'https://s3-media2.fl.yelpcdn.com/bphoto/b4KZ06OO3VQFGDmDTaedfg/o.jpg']"
eyHbeZgEipcb2QXJF-e_nQ,Monsieur Bleu,"['https://s3-media1.fl.yelpcdn.com/bphoto/oq5vhOtcM9nGMRPl24VuyQ/o.jpg', 'https://s3-media3.fl.yelpcdn.com/bphoto/qDAij2oxwaRb-NXk-p3Bcg/o.jpg', 'https://s3-media4.fl.yelpcdn.com/bphoto/kg5NfBolUr4D5BidHdFK0Q/o.jpg']"
9Ju4NtzKkV1kXqlDHq5nUg,Café Louise,"['https://s3-media2.fl.yelpcdn.com/bphoto/T0rn_hdHY43oFKImy4FwRg/o.jpg', 'https://s3-media4.fl.yelpcdn.com/bphoto/aOlq4kXY9MyBojFPEIDHXA/o.jpg', 'https://s3-media2.fl.yelpcdn.com/bphoto/9NsgJEBvJbsrVDpOXWOWjQ/o.jpg']"
GBfg0200_34Wiu9em7a6jg,Chez Georges,"['https://s3-media2.fl.yelpcdn.com/bphoto/5V511weFJFuRI9WXAukyFQ/o.jpg', 'https://s3-media2.fl.yelpcdn.com/bphoto/HtsA6-4HzK49kPpAU4zHXQ/o.jpg', 'https://s3-media2.fl.yelpcdn.com/bphoto/xnspm_FL0ONphrfdbs2WSQ/o.jpg']"
luWgxwdQDUpURV21UlWslQ,Joséphine chez Dumonet,"['https://s3-media3.fl.yelpcdn.com/bphoto/tApqdQgKVEpy2a6jY9JTiw/o.jpg', 'https://s3-media4.fl.yelpcdn.com/bphoto/G5h7AfW0AghgxO4KV-Qqlw/o.jpg', 'https://s3-media1.fl.yelpcdn.com/bphoto/-821dWmIs8l-qmBC7v7a6w/o.jpg']"
vxz_Uq_hH_Ack1Av1HUbjw,Huitrerie Régis,"['https://s3-media4.fl.yelpcdn.com/bphoto/xsW00Jm0SFIN-POnjy9R6A/o.jpg', 'https://s3-media2.fl.yelpcdn.com/bphoto/cTP-nQT4SQ_Bk3Df9zPlyQ/o.jpg', 'https://s3-media2.fl.yelpcdn.com/bphoto/y38UoIdXJVcRYB7eI-q-_A/o.jpg']"
vu19wj42Eq24kZrarm-5zQ,Pavillon Ledoyen,"['https://s3-media2.fl.yelpcdn.com/bphoto/bDsXm51MzpOjRRRfoQ_crw/o.jpg', 'https://s3-media1.fl.yelpcdn.com/bphoto/zt-w1nPE0iwLl9fZLnO2EQ/o.jpg', 'https://s3-media1.fl.yelpcdn.com/bphoto/--fe7Z9PLju4ZA4ORtWtGA/o.jpg']"
skkSs9EZUiQeMVxEEkjIqA,Maison Sauvage,"['https://s3-media1.fl.yelpcdn.com/bphoto/8g4_T1FPKcCPUrskAcj2dQ/o.jpg', 'https://s3-media2.fl.yelpcdn.com/bphoto/FmjzCwvcmEuMIS4Y6tp5mQ/o.jpg', 'https://s3-media3.fl.yelpcdn.com/bphoto/t2equvOmEZnuaYLQjaNdSQ/o.jpg']"
UlY1mOSqxTkeJVStZE-X0g,Canard et Champagne,"['https://s3-media1.fl.yelpcdn.com/bphoto/EieCIjGy4Sm_NhZYpaN01Q/o.jpg', 'https://s3-media2.fl.yelpcdn.com/bphoto/n48qsvRjEqZ--UZCdHzjGA/o.jpg', 'https://s3-media2.fl.yelpcdn.com/bphoto/SsKMldb89OiWrfq2oVArYw/o.jpg']"
bEvW28II36r2a-L_TWHS7Q,Poulette,"['https://s3-media3.fl.yelpcdn.com/bphoto/9BbBuTEtoQbdN9kt1Vjbkw/o.jpg', 'https://s3-media3.fl.yelpcdn.com/bphoto/IwWM13A5M6aXeLJJ_yZ8oA/o.jpg', 'https://s3-media2.fl.yelpcdn.com/bphoto/nm2upsGJxDT4cg0L5PYmMw/o.jpg']"
Xh16xM655GFnFdGAXMGiFQ,Restaurant de la Tour,"['https://s3-media3.fl.yelpcdn.com/bphoto/mNkGTO_pbm-IhROcSNzhng/o.jpg', 'https://s3-media2.fl.yelpcdn.com/bphoto/ZSu3DQg8VcozmCssV21Gxg/o.jpg', 'https://s3-media3.fl.yelpcdn.com/bphoto/yfWB-gvyZGZL0RzJqy-m_A/o.jpg']"
1MNN-H1t_0LxF2CX6HhTdA,Restaurant Sichuan,"['https://s3-media3.fl.yelpcdn.com/bphoto/ITMbssRBq4t8MTDisR8nJw/o.jpg', 'https://s3-media4.fl.yelpcdn.com/bphoto/FChku4t0O-jX6sl42ofv6g/o.jpg', 'https://s3-media2.fl.yelpcdn.com/bphoto/fN8S7KJBZkZEmmvR-aomQQ/o.jpg']"
DK98pb7ExxYUlAEfFJ3w1Q,Breizh Café,"['https://s3-media3.fl.yelpcdn.com/bphoto/wURP_E0OQy8pRLxunA8Pag/o.jpg', 'https://s3-media1.fl.yelpcdn.com/bphoto/ZkJZUIhC7qGzL6qNe6EpRw/o.jpg', 'https://s3-media2.fl.yelpcdn.com/bphoto/q-oEKfV3z15i-FthvcQtGQ/o.jpg']"
N5d7zQtjOKbDqPsFRu2EjA,Le Bistrot des Campagnes,"['https://s3-media1.fl.yelpcdn.com/bphoto/KYyZr1KMm48m661SNOK9kg/o.jpg', 'https://s3-media3.fl.yelpcdn.com/bphoto/67zr6QyR0-fPmVP0rCKk7Q/o.jpg', 'https://s3-media3.fl.yelpcdn.com/bphoto/-es_ZAxXAbhrzUQXs22pgg/o.jpg']"
VQwoo6uVHOdgEYFnMwZwow,Le Recrutement,"['https://s3-media4.fl.yelpcdn.com/bphoto/tmWCqfNuR_rG9D0BiJdlcQ/o.jpg', 'https://s3-media3.fl.yelpcdn.com/bphoto/-TwL-C_vD_OFpkLUZemRWw/o.jpg', 'https://s3-media2.fl.yelpcdn.com/bphoto/NzusQ_3Q2fe8hmKFKzckGA/o.jpg']"
k-M_yyUEhklZeji5l7do4g,Au Pied de Fouet,"['https://s3-media1.fl.yelpcdn.com/bphoto/A53jND3mWQkdDAVoxWFTFw/o.jpg', 'https://s3-media3.fl.yelpcdn.com/bphoto/bhsfD2-mfP8ykpmUBvTU4w/o.jpg', 'https://s3-media2.fl.yelpcdn.com/bphoto/x6gWJZKUn0nkLei2j4668A/o.jpg']"
Xas45a0hugQxiroHZu9MDA,Trois Fois Plus de Piment,"['https://s3-media4.fl.yelpcdn.com/bphoto/rwz3x5LqJmc5AbMEnATMpA/o.jpg', 'https://s3-media3.fl.yelpcdn.com/bphoto/pOI4pPBUTRLYVUyuuqiPBA/o.jpg', 'https://s3-media2.fl.yelpcdn.com/bphoto/W5l6-7ld8RZZqW-tCzqNPQ/o.jpg']"
fK5KhHO8az5LVmzOPsED2g,Miznon,"['https://s3-media3.fl.yelpcdn.com/bphoto/q_AOt2rkWrL90Wg3IC5Y7g/o.jpg', 'https://s3-media2.fl.yelpcdn.com/bphoto/X21wGA2ZYyfVTimVB2yIoQ/o.jpg', 'https://s3-media3.fl.yelpcdn.com/bphoto/rStlnQqGqyDR6nmZGVkKRA/o.jpg']"
c89IQ0D6xXiSMvzLaBJt8Q,Le P'tit Barcelone,"['https://s3-media2.fl.yelpcdn.com/bphoto/FnQsEkgb4Bv2OBlfcLwUeQ/o.jpg', 'https://s3-media1.fl.yelpcdn.com/bphoto/ix-k9QsfvqUA37KZ-SVxaw/o.jpg', 'https://s3-media1.fl.yelpcdn.com/bphoto/3u2GwPXkSaosYs6tkoJIQw/o.jpg']"
JB7J97Y33N4g3QHP-8xEJA,Comptoir Gourmet,"['https://s3-media2.fl.yelpcdn.com/bphoto/af07lYgmbOU9T5pBnowqtw/o.jpg', 'https://s3-media2.fl.yelpcdn.com/bphoto/IrGhXuFiNHiGOplRNgOraw/o.jpg', 'https://s3-media3.fl.yelpcdn.com/bphoto/LKoAmiCRxbrpKw_FSCpkaQ/o.jpg']"
QHYSsmyPJga3GQp5NqKZXw,Ma Salle à Manger,"['https://s3-media3.fl.yelpcdn.com/bphoto/7CZ89AQf3m1hbSvdrUUGWA/o.jpg', 'https://s3-media3.fl.yelpcdn.com/bphoto/6RlgEY6QtHIaK79rf09mBg/o.jpg', 'https://s3-media3.fl.yelpcdn.com/bphoto/MMx8It-uT0pRl3pCX-SXVQ/o.jpg']"
Y71NWfl09hSFla7CYd36Jg,Café de Flore,"['https://s3-media2.fl.yelpcdn.com/bphoto/jhs7putBf376kWx0g2NtxQ/o.jpg', 'https://s3-media1.fl.yelpcdn.com/bphoto/brRm_-0qrttHjjRCfcMMaA/o.jpg', 'https://s3-media3.fl.yelpcdn.com/bphoto/A2CTTGXwuH87O7CTBCTCXw/o.jpg']"
FRapsu79WOtyKK3CqqZdQw,La Tartine,"['https://s3-media4.fl.yelpcdn.com/bphoto/AQQM1BITGuuN3A3fOElruA/o.jpg', 'https://s3-media1.fl.yelpcdn.com/bphoto/Zgd_lcRCH-wvqRLx4MTq4Q/o.jpg', 'https://s3-media2.fl.yelpcdn.com/bphoto/EwyH-qsmhTyOxCedjI807Q/o.jpg']"
WGm2729Xmwt0XJvRq0lN3w,Kodawari Ramen,"['https://s3-media3.fl.yelpcdn.com/bphoto/jNyLpWomWjln-aHcRrftRQ/o.jpg', 'https://s3-media3.fl.yelpcdn.com/bphoto/Y0KZEupjfzTiEaJucjKGAg/o.jpg', 'https://s3-media2.fl.yelpcdn.com/bphoto/ecKftrGq75b0vdZtsvFdOQ/o.jpg']"
NfRFVlK7-4uV8-CcXVi0KA,Two Stories,"['https://s3-media2.fl.yelpcdn.com/bphoto/4RMIVd2JjLoGh5zXpqC0Pg/o.jpg', 'https://s3-media2.fl.yelpcdn.com/bphoto/Ark1z7nSFRfDLSCzfEfIRg/o.jpg', 'https://s3-media3.fl.yelpcdn.com/bphoto/hJqwK-JwIbGqutu4Dz5ahA/o.jpg']"
6AuNTHhRaDAZvcgXJ-DYdg,Le Shanghaï Hang-Zhou,"['https://s3-media1.fl.yelpcdn.com/bphoto/ImOGqPlGKgwnw8xsETSMvQ/o.jpg', 'https://s3-media1.fl.yelpcdn.com/bphoto/fk8w-9CgJSOGw5ElMh1B7g/o.jpg', 'https://s3-media4.fl.yelpcdn.com/bphoto/K2Ry-rbbhuLGaeYmncXvZA/o.jpg']"
CPy8rmc-iCi9b0qPJFNklw,Le Petit Pontoise,"['https://s3-media1.fl.yelpcdn.com/bphoto/wQuEme1IMPKoDFa331GjEg/o.jpg', 'https://s3-media4.fl.yelpcdn.com/bphoto/0r6WGabsPSTlKN0KER9sTQ/o.jpg', 'https://s3-media1.fl.yelpcdn.com/bphoto/H8bJdNTdvBu6BdVwkP8c7w/o.jpg']"
zvH8SBgNcXICJ3v0ixBFCw,Hugo & Co,"['https://s3-media4.fl.yelpcdn.com/bphoto/YpDSzfwqtJ2WBOnC_s_Bug/o.jpg', 'https://s3-media2.fl.yelpcdn.com/bphoto/ZiedNM5uNsjKOqmj0Y6vEw/o.jpg', 'https://s3-media1.fl.yelpcdn.com/bphoto/NzJDbPBrXM6Fz83tfNwDvw/o.jpg']"
BYOgKkC6JSHs_sYrS3GDkg,Le Bouledogue,"['https://s3-media3.fl.yelpcdn.com/bphoto/-J6xWFZFL8qJxy_nYhl6pA/o.jpg', 'https://s3-media2.fl.yelpcdn.com/bphoto/yXlMg5bSFROvB92QFf9e1w/o.jpg', 'https://s3-media1.fl.yelpcdn.com/bphoto/POjh7Mj7tB8aQ9v26DPbPA/o.jpg']"
u0PQ2A4w14iMWrrk5pWGUA,Bistrot Richelieu,"['https://s3-media4.fl.yelpcdn.com/bphoto/m6UqngRRrkZxeYjXqCQ_RA/o.jpg', 'https://s3-media1.fl.yelpcdn.com/bphoto/p_-vO6Xng5ZDzI-kjSmg8Q/o.jpg', 'https://s3-media3.fl.yelpcdn.com/bphoto/BIJcgMF9gdnGgPNkCYdsBQ/o.jpg']"
FKFUDUaDYDO8Xp9tqRZrBQ,San,"['https://s3-media2.fl.yelpcdn.com/bphoto/tz6zPje9gzOEqJWmk36m3Q/o.jpg', 'https://s3-media2.fl.yelpcdn.com/bphoto/mGuQNrQwR0dh3ZvRLArZnQ/o.jpg', 'https://s3-media2.fl.yelpcdn.com/bphoto/uN662VK3BqP1uZsiyaow9A/o.jpg']"
RpKOe8ImcDJCgrNL3nhJRQ,Le Bistrot des Halles,"['https://s3-media4.fl.yelpcdn.com/bphoto/oA-TkP-M_qp-0Apt8O0_4Q/o.jpg', 'https://s3-media4.fl.yelpcdn.com/bphoto/NsxepNm6zLKxoF6I9WIbag/o.jpg', 'https://s3-media3.fl.yelpcdn.com/bphoto/_Km1GCfOjW5Q4nTX7SVENA/o.jpg']"
d_tt3AgHNkphyH-fuI0e_g,Le Rigmarole,"['https://s3-media1.fl.yelpcdn.com/bphoto/DaHNQzFfRuY7miEw9qZ0AQ/o.jpg', 'https://s3-media4.fl.yelpcdn.com/bphoto/5zIo38mPjfj---q7LhEvWw/o.jpg', 'https://s3-media4.fl.yelpcdn.com/bphoto/sWWcrt6QQUpAN3-H3L9kAg/o.jpg']"
wzWEeTyVtUgRfsz_eSSVKw,Le Saint André,"['https://s3-media3.fl.yelpcdn.com/bphoto/uhDpc-Lq5K0o3Ka3fOfF2Q/o.jpg', 'https://s3-media4.fl.yelpcdn.com/bphoto/PcDts_FhmQj02mTVytQJ0w/o.jpg', 'https://s3-media1.fl.yelpcdn.com/bphoto/gJQV2f2pM_rfmEyaX-XNAQ/o.jpg']"
snXC-mZkOxsFhgLhFYbtGg,La Fresque,"['https://s3-media1.fl.yelpcdn.com/bphoto/KLzbBUR7Ekqt3ET3VoOVvA/o.jpg', 'https://s3-media4.fl.yelpcdn.com/bphoto/Qj4UKPBAMxWzUpPWNy2P3A/o.jpg', 'https://s3-media4.fl.yelpcdn.com/bphoto/1nytroGHlVlUu-3S7iwPIA/o.jpg']"
1Klp5abILcizWWVuAUW21w,Le Petit Opportun,"['https://s3-media4.fl.yelpcdn.com/bphoto/-yNd8T3UtrDIq_BAGMLwVg/o.jpg', 'https://s3-media3.fl.yelpcdn.com/bphoto/0VEZ5MNxoRtZcCFfoJRZ1Q/o.jpg', 'https://s3-media1.fl.yelpcdn.com/bphoto/Chfzf303-9pjsMN7rZcnYQ/o.jpg']"
WqXhQg1Nhv4pffAHp-3JyA,Ô Chateau,"['https://s3-media3.fl.yelpcdn.com/bphoto/c_4S-cerFYm5pBsKA09Vww/o.jpg', 'https://s3-media4.fl.yelpcdn.com/bphoto/HTdGVZzDYHpHOscO5rDSMA/o.jpg', 'https://s3-media3.fl.yelpcdn.com/bphoto/nyb_USz9QZokPodNPrOu-Q/o.jpg']"
nf7DA_2nihG63h3LyFUABQ,Pizza Julia,"['https://s3-media2.fl.yelpcdn.com/bphoto/LuqG6tYQEwgjRibPZgamRw/o.jpg', 'https://s3-media1.fl.yelpcdn.com/bphoto/DJ4b15_oPhPTurgCHmVirA/o.jpg', 'https://s3-media3.fl.yelpcdn.com/bphoto/pHcljzmyOOy4vsXc2briIA/o.jpg']"
cKJURqYp2iWFaiR_QEkpUg,"Shangri-La Hotel, Paris","['https://s3-media4.fl.yelpcdn.com/bphoto/s6vSzUfV7zi7zAwaP8eNHQ/o.jpg', 'https://s3-media4.fl.yelpcdn.com/bphoto/jyUSVJTnQp_6p6Tv8yPAJg/o.jpg', 'https://s3-media3.fl.yelpcdn.com/bphoto/Z9VQjDk5RKB65j3IspvTww/o.jpg']"
wRgD7PjIaP_EZrTAiTNsBQ,Le Choupinet,"['https://s3-media3.fl.yelpcdn.com/bphoto/s9mJxIjxWaBKmUiIzq6ZBg/o.jpg', 'https://s3-media1.fl.yelpcdn.com/bphoto/q5YaeLVwX-bX7JgyegdmLA/o.jpg', 'https://s3-media3.fl.yelpcdn.com/bphoto/7XDcfIPJq9l-hB2iEFEZOg/o.jpg']"
JlPLkE5YaR4LzZIB-7J7ZA,La Poule au Pot,"['https://s3-media2.fl.yelpcdn.com/bphoto/eJGVksx6nO0FOPDpR7bmGg/o.jpg', 'https://s3-media2.fl.yelpcdn.com/bphoto/lOqmzdEnOj4Ijo09vpdjyg/o.jpg', 'https://s3-media1.fl.yelpcdn.com/bphoto/hASequKGGPrWFQIX_QD2Qw/o.jpg']"
Bn1ea1dkZZKvKIx-ju8sjw,Le Voltaire,"['https://s3-media2.fl.yelpcdn.com/bphoto/eGY0um2acfUHkfesialMcg/o.jpg', 'https://s3-media3.fl.yelpcdn.com/bphoto/SKpEWxEXTADv8ZxHSjikVQ/o.jpg', 'https://s3-media4.fl.yelpcdn.com/bphoto/5U9Gv2vnDXi-b9pmOgn6cA/o.jpg']"
i0sd2IWFV0aRJOUA1zzRuQ,Le Brun,"['https://s3-media2.fl.yelpcdn.com/bphoto/6u_NVmldUWuJi8mZ_Jb_YA/o.jpg', 'https://s3-media1.fl.yelpcdn.com/bphoto/lYP6N16e1-ZWUziZyuT3Ww/o.jpg', 'https://s3-media2.fl.yelpcdn.com/bphoto/cP9ctIfFBzOHewUaGYCHjQ/o.jpg']"
DECQq9NFQ_VbCVsHUsOryA,Les Caves de Bourgogne,"['https://s3-media1.fl.yelpcdn.com/bphoto/i02LCZShF_7puWoENKhfCQ/o.jpg', 'https://s3-media1.fl.yelpcdn.com/bphoto/3cppBGW5PHhe40ZWGGCioQ/o.jpg', 'https://s3-media4.fl.yelpcdn.com/bphoto/e3rM-0-WjaMa8VeM261HFw/o.jpg']"
aEQTW9f3_Kzi2G183OFj5Q,Anticafé,"['https://s3-media1.fl.yelpcdn.com/bphoto/55odQNq1W0xfgSBFLHK-0g/o.jpg', 'https://s3-media4.fl.yelpcdn.com/bphoto/Xh33qVrvcwVaYKro2-sp8w/o.jpg', 'https://s3-media1.fl.yelpcdn.com/bphoto/e1Gh6cHppWflGlAdTBRgpA/o.jpg']"
V_pVlZDh5vCehaGNugAZNw,Il Gigolo,"['https://s3-media3.fl.yelpcdn.com/bphoto/oN67ti_Ow4g4DhYB3Wtfig/o.jpg', 'https://s3-media3.fl.yelpcdn.com/bphoto/e7I2iRE1yFX1XsY8dZ0tnQ/o.jpg', 'https://s3-media3.fl.yelpcdn.com/bphoto/EveWVDczw1nW6pNvKVEDjg/o.jpg']"
Lid_AmfnaJijqELbl5eiVQ,Le Cochon à l'Oreille,"['https://s3-media3.fl.yelpcdn.com/bphoto/1rQD8w-9xBtK9MoV2NEKVQ/o.jpg', 'https://s3-media3.fl.yelpcdn.com/bphoto/Py2ZobkkZwcsWhnchaUGig/o.jpg', 'https://s3-media1.fl.yelpcdn.com/bphoto/DojlQMAEBS5qrNUZbrXuVw/o.jpg']"
vAfDke0aeT1tNnpKu4-UrA,Frame,"['https://s3-media3.fl.yelpcdn.com/bphoto/gUlaAsULa3w0I4HSsJublQ/o.jpg', 'https://s3-media3.fl.yelpcdn.com/bphoto/jSnCDBvIiMpkg2H5qIlYJg/o.jpg', 'https://s3-media3.fl.yelpcdn.com/bphoto/nHKkclnjt3R-nlwP96-mpQ/o.jpg']"
3-6yc3Kbow9hnDrlIy263w,Verjus,"['https://s3-media1.fl.yelpcdn.com/bphoto/Fsbnk8Kou_UZWDbO3eYgrA/o.jpg', 'https://s3-media2.fl.yelpcdn.com/bphoto/AmzTlM7dpUg1LCqgRA-Z7w/o.jpg', 'https://s3-media3.fl.yelpcdn.com/bphoto/R31APGJ2_bstATFhpjZJbA/o.jpg']"
j9h6Cli9THsfkTTPZUq1VQ,1995,"['https://s3-media2.fl.yelpcdn.com/bphoto/l8z3wh_eXkA1Wld16klrPA/o.jpg', 'https://s3-media3.fl.yelpcdn.com/bphoto/crEzD9FMvOhgylvNXo-keg/o.jpg', 'https://s3-media2.fl.yelpcdn.com/bphoto/yurPXwcphkDmI4xXosntmw/o.jpg']"
J6ge-0l4EFj5pXuPQRj58g,Bouillon Pigalle,"['https://s3-media1.fl.yelpcdn.com/bphoto/A5AO-i3Fo0i07XWHuO2sPQ/o.jpg', 'https://s3-media1.fl.yelpcdn.com/bphoto/tMIvsOoUPGd4Ixfm7FLC7Q/o.jpg', 'https://s3-media3.fl.yelpcdn.com/bphoto/M0HP1fCE2gth9-MxdBAOeA/o.jpg']"
SQFrdi6LAt2utTi_9wSVgg,La Buvette,"['https://s3-media2.fl.yelpcdn.com/bphoto/FMAno_Ub4wDHqAIx4f0miw/o.jpg', 'https://s3-media1.fl.yelpcdn.com/bphoto/3qr0OY4oUrJaQnyQz3QI2w/o.jpg', 'https://s3-media4.fl.yelpcdn.com/bphoto/yzEm3ytgGALe1QZ4bKb5VQ/o.jpg']"
He1zMAp8QTGt0dklsry0rg,Comme Chez Soi,"['https://s3-media3.fl.yelpcdn.com/bphoto/dNsG1J9bWsdkZnrLK2NRng/o.jpg', 'https://s3-media3.fl.yelpcdn.com/bphoto/TR7WBudhxWqjb6VYbChP_g/o.jpg', 'https://s3-media3.fl.yelpcdn.com/bphoto/O4NQtb_6ROEmGo7WNWAGTA/o.jpg']"
jbBCAq2FOumM7nn9vEjpsA,L'Avant Comptoir de la Mer,"['https://s3-media1.fl.yelpcdn.com/bphoto/gupUXeD73VyW9FmoJrvk8A/o.jpg', 'https://s3-media2.fl.yelpcdn.com/bphoto/198RaZIBjvDNwyantwL3uw/o.jpg', 'https://s3-media1.fl.yelpcdn.com/bphoto/wQBXTeF9IdmHpiOTHPp0lg/o.jpg']"
98LviFs0Q9iFKrSRvAg6XQ,Mich Sandwiches,"['https://s3-media3.fl.yelpcdn.com/bphoto/gtNR0a2KPWlAS1DodQp4Sg/o.jpg', 'https://s3-media3.fl.yelpcdn.com/bphoto/S-BkicVnziU6wjhf58MTwA/o.jpg', 'https://s3-media2.fl.yelpcdn.com/bphoto/uWSxW_5ADQixLKaLvpxjDg/o.jpg']"
egX8nlHUZceWCPDVdx9raw,Arnaud Nicolas,"['https://s3-media3.fl.yelpcdn.com/bphoto/ywzuvddAhIYRtUjlHJQ2_g/o.jpg', 'https://s3-media2.fl.yelpcdn.com/bphoto/QFWNQPaBInz2SvT2fV1BpA/o.jpg', 'https://s3-media2.fl.yelpcdn.com/bphoto/8iuhV-HhM8PMSe61lQTaBg/o.jpg']"
-YKc0e0z_47s8JeXA2feOg,La Tour de Montlhéry ou chez Denise,"['https://s3-media4.fl.yelpcdn.com/bphoto/AP6BVrOydVH6t4iFJzigWQ/o.jpg', 'https://s3-media1.fl.yelpcdn.com/bphoto/DvXPPQWrWZRVZWIwVz9kdQ/o.jpg', 'https://s3-media1.fl.yelpcdn.com/bphoto/erKb_jPuJrpD46bHazieKQ/o.jpg']"
tDSgQ7OSjH8t_4CUKF5w2A,La Rotonde,"['https://s3-media2.fl.yelpcdn.com/bphoto/QXZDBMXGn1uMgX8vUtYKtg/o.jpg', 'https://s3-media2.fl.yelpcdn.com/bphoto/6XsegbfvzCVXr32IstlMyg/o.jpg', 'https://s3-media2.fl.yelpcdn.com/bphoto/9GdF6P4Jo5DPfX_xfaI6GQ/o.jpg']"
xEg_qiHxlud17zHXrTrFSQ,Ferdi,"['https://s3-media1.fl.yelpcdn.com/bphoto/dGNyb0ZYW4pufQdCB6B2zQ/o.jpg', 'https://s3-media4.fl.yelpcdn.com/bphoto/nYv536uvgroUjqZIiXXZOA/o.jpg', 'https://s3-media1.fl.yelpcdn.com/bphoto/U68TJpnpFTXIWcHrZaxcKQ/o.jpg']"
cTE0bsuIPGVbJ2Zph-69NA,Buzkashi,"['https://s3-media3.fl.yelpcdn.com/bphoto/u1IVaOceT5c__4Ymr2ww2Q/o.jpg', 'https://s3-media2.fl.yelpcdn.com/bphoto/-FSkfW9DvRuqYIPRA_3tJw/o.jpg', 'https://s3-media2.fl.yelpcdn.com/bphoto/oWUt4iiGgKBwXrO8o8Lmkg/o.jpg']"
eV3XeyDMWwT0E8o8nYodRQ,Au Pied de Cochon,"['https://s3-media2.fl.yelpcdn.com/bphoto/xKJbH83ZTAOpwMpqYFW4Iw/o.jpg', 'https://s3-media2.fl.yelpcdn.com/bphoto/lOvCsAnapoKoI3hNSCyDyA/o.jpg', 'https://s3-media3.fl.yelpcdn.com/bphoto/hSUEcvNUOnsJDUXEEDJSdg/o.jpg']"
arT8b1fhGKwMzZ4WsaXUww,Eggs & Co,"['https://s3-media4.fl.yelpcdn.com/bphoto/_Uvl6Zjh7jpspbmgjO7F0g/o.jpg', 'https://s3-media2.fl.yelpcdn.com/bphoto/VgCvZJ26aSMQhQNUWRbpDg/o.jpg', 'https://s3-media1.fl.yelpcdn.com/bphoto/oYJd3QIRktPdupSubU5Wcg/o.jpg']"
cQimiW65cqlLZbObNDXtrA,Maison Maison,"['https://s3-media1.fl.yelpcdn.com/bphoto/3rhtKmWQrz701cU1hnSWgQ/o.jpg', 'https://s3-media2.fl.yelpcdn.com/bphoto/f-DtA1szkQPY9QcwT5Qd2Q/o.jpg', 'https://s3-media1.fl.yelpcdn.com/bphoto/sSjS8qmSUcHuPBjm0OOjFQ/o.jpg']"
sgc5fGdiYfOmq8sTeyG3Kw,Café Saint-Régis,"['https://s3-media3.fl.yelpcdn.com/bphoto/6SPVk8RzhInj-XnHkiOTdg/o.jpg', 'https://s3-media2.fl.yelpcdn.com/bphoto/LNu4BLEFf-j4fQYBFb-JmA/o.jpg', 'https://s3-media2.fl.yelpcdn.com/bphoto/a2CvQAD06XdCiMRms_SM-g/o.jpg']"
rQ-19HdIQDBAljeDZwuWxg,Restaurant Véro-Dodat,"['https://s3-media2.fl.yelpcdn.com/bphoto/_3Ik-dNhpuF2mecE9WsKPw/o.jpg', 'https://s3-media2.fl.yelpcdn.com/bphoto/Iu5wfcO1labctIEMVkieMQ/o.jpg', 'https://s3-media1.fl.yelpcdn.com/bphoto/6WVzwtoeI94fKHZTAcYDtg/o.jpg']"
bG6jhxY2YhHxD4P63kHD1A,Song Huong,"['https://s3-media3.fl.yelpcdn.com/bphoto/KcLFeryf_zw7lmf7cOnyDg/o.jpg', 'https://s3-media1.fl.yelpcdn.com/bphoto/oHD9kuzvt5pjXoT6IIXR2Q/o.jpg', 'https://s3-media2.fl.yelpcdn.com/bphoto/zG4-x3nHz3zB5Gb-hhMW2w/o.jpg']"
4npv69qDssilj09s0UWBxA,Soon Grill,"['https://s3-media1.fl.yelpcdn.com/bphoto/UYLQVehYhIGa_3y_IvSDsQ/o.jpg', 'https://s3-media2.fl.yelpcdn.com/bphoto/54dNhOLICcH5M5NzpxQQzQ/o.jpg', 'https://s3-media3.fl.yelpcdn.com/bphoto/StNCiiWEj3hj_MxubM6E-A/o.jpg']"
zs91nh7MtFUQcr2mE26EqQ,La Petite Périgourdine,"['https://s3-media3.fl.yelpcdn.com/bphoto/8iNpykcon0fd4Exz-LtBIQ/o.jpg', 'https://s3-media2.fl.yelpcdn.com/bphoto/-P8b9ZxPdd_aJkN3mx8pcw/o.jpg', 'https://s3-media4.fl.yelpcdn.com/bphoto/-3CJwFZIa8ZzYiDBulFxvQ/o.jpg']"
7mqPWOaEnGOvgZl_eNQOww,Le Mesturet,"['https://s3-media4.fl.yelpcdn.com/bphoto/_9SYIbEXIzOhoX1FLy5CQQ/o.jpg', 'https://s3-media1.fl.yelpcdn.com/bphoto/wVNPeVsyITIlfqXFUQljLA/o.jpg', 'https://s3-media1.fl.yelpcdn.com/bphoto/_jmKTL2x33uOoq9UDD703A/o.jpg']"
CxlJcjM_Aqk8lOtJK6P-CQ,Fric-Frac,"['https://s3-media3.fl.yelpcdn.com/bphoto/HDEp-gg8kGo11B8z6QVBVw/o.jpg', 'https://s3-media4.fl.yelpcdn.com/bphoto/OYlf4YZDJe8q3I2nxB9u5w/o.jpg', 'https://s3-media2.fl.yelpcdn.com/bphoto/GGzflDkAe5bMPI87DIT95g/o.jpg']"
59YEvrt18qxxfq0wbgT-cg,Little Breizh,"['https://s3-media2.fl.yelpcdn.com/bphoto/_0rFi8Qlp8HA0mOg3hXMIg/o.jpg', 'https://s3-media4.fl.yelpcdn.com/bphoto/hOvcuiDlgMMn6hrTivP-Cg/o.jpg', 'https://s3-media3.fl.yelpcdn.com/bphoto/zj_J0LdzbhnBQuvjNKBkyA/o.jpg']"
Yq1084dh0THvZYQRJkR1kg,Restaurant du Palais Royal,"['https://s3-media1.fl.yelpcdn.com/bphoto/X6eHl9GPRXgG63stb7mvEQ/o.jpg', 'https://s3-media1.fl.yelpcdn.com/bphoto/cIoIZPodJKjIqD8WX0A3Vg/o.jpg', 'https://s3-media2.fl.yelpcdn.com/bphoto/ArhrqVE0sMQkc3EE6SoegQ/o.jpg']"
TKwoBEzwLxOlkmsSgz6szQ,L'Assignat,"['https://s3-media3.fl.yelpcdn.com/bphoto/83gOmK7ym2j4y291gpDXVw/o.jpg', 'https://s3-media4.fl.yelpcdn.com/bphoto/V-RijAbs08yWaLMUU32zbQ/o.jpg', 'https://s3-media4.fl.yelpcdn.com/bphoto/nLo-GmmsTyo8W7eQVnpmIA/o.jpg']"
JzwEHzNpDBFawqKvujirvQ,Les Fondus de la Raclette,"['https://s3-media4.fl.yelpcdn.com/bphoto/WvMoF4FUhOZYE0dZz2BgRw/o.jpg', 'https://s3-media3.fl.yelpcdn.com/bphoto/TVhz7eU-fY2i_TRBPxQyIg/o.jpg', 'https://s3-media1.fl.yelpcdn.com/bphoto/QkenE6aHGeHY-kibqFRTmQ/o.jpg']"
pjamP0dgw5Yim3FCpx9WXQ,Kokoro,"['https://s3-media1.fl.yelpcdn.com/bphoto/aV_oLGBsAZcIm_AX2Q19rQ/o.jpg', 'https://s3-media3.fl.yelpcdn.com/bphoto/Gqw6ef-A4GG3FEYOgetblw/o.jpg', 'https://s3-media3.fl.yelpcdn.com/bphoto/Ly5g-XgY67gHqE3RBJKFlg/o.jpg']"
-sggfLHsfPbgXw5S6a7Jdg,Juvéniles,"['https://s3-media2.fl.yelpcdn.com/bphoto/YvE-cnlHzGKeFKW3vC6nmw/o.jpg', 'https://s3-media1.fl.yelpcdn.com/bphoto/dGhsBwKwWyogUyI7kJd-oQ/o.jpg', 'https://s3-media1.fl.yelpcdn.com/bphoto/u3NwD_gPW9nsQE2MC5Kfmw/o.jpg']"
j2mUHWVXSKSkEuHJao_wKg,Shakespeare and Company,"['https://s3-media4.fl.yelpcdn.com/bphoto/gL7WgKzH5NFR4tHT56bhLA/o.jpg', 'https://s3-media2.fl.yelpcdn.com/bphoto/5QIlWa5T0sIQTePtbc-w4w/o.jpg', 'https://s3-media2.fl.yelpcdn.com/bphoto/5wu-N4V_keVVBPEjqhd-dg/o.jpg']"
XqOlA1nGHcwiMmU2QDtdBQ,L'Auberge du Louvre,"['https://s3-media1.fl.yelpcdn.com/bphoto/mTq3fScaXffDGljBft6HIA/o.jpg', 'https://s3-media2.fl.yelpcdn.com/bphoto/FkEoeD6jZxERh66bDeMW5A/o.jpg', 'https://s3-media3.fl.yelpcdn.com/bphoto/4r0eOJrnDmxXhWiOJ8W6zg/o.jpg']"
went0VaMbQc6XSOi_OJteg,Le Café de la Nouvelle Mairie,"['https://s3-media4.fl.yelpcdn.com/bphoto/jeCbe2rmks5RfGG0ByuHQA/o.jpg', 'https://s3-media2.fl.yelpcdn.com/bphoto/i6A4T3aCBznjmCEB6vtUeA/o.jpg', 'https://s3-media1.fl.yelpcdn.com/bphoto/Df0zv0EfcWtzGRA033plHg/o.jpg']"
kTOrskWUA0_92QdsaMg50g,LiLi,"['https://s3-media4.fl.yelpcdn.com/bphoto/pOfa-PIGXoDUmrAZVd64bw/o.jpg', 'https://s3-media3.fl.yelpcdn.com/bphoto/o6Vaj8ap5D5wQc7kTeTPIg/o.jpg', 'https://s3-media4.fl.yelpcdn.com/bphoto/xty3HbCu6l7ZLA7JqJwL6w/o.jpg']"
vf0SfwWuKbwmJJvtmzAKcg,Le Gabriel,"['https://s3-media3.fl.yelpcdn.com/bphoto/Lw7OBk1DN8dw4W2Uk0I7RQ/o.jpg', 'https://s3-media3.fl.yelpcdn.com/bphoto/duHt_HqZ11KLcHq9F2S0Fw/o.jpg', 'https://s3-media4.fl.yelpcdn.com/bphoto/jsezsKsfs0D3c2AR7VxzaA/o.jpg']"
XWa3IcDRMD18mHaM-qHifQ,Le Clarence,"['https://s3-media4.fl.yelpcdn.com/bphoto/MW8Q3-slyHFrXyNNcK825g/o.jpg', 'https://s3-media3.fl.yelpcdn.com/bphoto/Y1Wx9RTsgbKBoiCi4Bs8-Q/o.jpg', 'https://s3-media1.fl.yelpcdn.com/bphoto/dxXzooxH93IIBUTysdY2WQ/o.jpg']"
